Source,Target,Type,id,label,timeset,weight
fe8e81920cdf776b5b82f3d42578c5ab00bd906f,c31841967abef266a60923efffb146501a0afa52,Directed,969,,,1.0
3620477a433c8ce11f3be6cdbf262fd5cb63cde5,c31841967abef266a60923efffb146501a0afa52,Directed,970,,,1.0
c7018e16740a53b3a105be8493447614391a50bd,c31841967abef266a60923efffb146501a0afa52,Directed,971,,,1.0
24fbe21616c3410807854ba522bdfac46e0ca10b,c31841967abef266a60923efffb146501a0afa52,Directed,972,,,1.0
c1dc35c5f5ad6ebfbd7ecfde7f9e99856d5d4cce,c31841967abef266a60923efffb146501a0afa52,Directed,973,,,3.0
e8439bc876901a440031775bedf928711ccdd9c3,c31841967abef266a60923efffb146501a0afa52,Directed,974,,,2.0
64cd19e2f478ceaa8d1cd9f559fbadcd72adfbb7,c31841967abef266a60923efffb146501a0afa52,Directed,975,,,1.0
2666ede56c6636b0ca197ffd0bf27388972363ce,c31841967abef266a60923efffb146501a0afa52,Directed,976,,,1.0
4e267def6707b488d38971e9f4297e74931d06b9,c31841967abef266a60923efffb146501a0afa52,Directed,977,,,1.0
bf41351eb7c6ba568c45dae8c39e2517cc54ed1a,c31841967abef266a60923efffb146501a0afa52,Directed,978,,,1.0
c22f1e82700d07300fb31f50cb6f79e2c959b883,c31841967abef266a60923efffb146501a0afa52,Directed,979,,,2.0
2818129054b1fe4cfefe2a631fd0f0efa9125fa6,c31841967abef266a60923efffb146501a0afa52,Directed,980,,,3.0
7cf9faf31822f30ece854f676addb2b4e77f125c,c31841967abef266a60923efffb146501a0afa52,Directed,981,,,3.0
c31841967abef266a60923efffb146501a0afa52,c31841967abef266a60923efffb146501a0afa52,Directed,982,,,1.0
64cd19e2f478ceaa8d1cd9f559fbadcd72adfbb7,32e62b1e3c0856b35b1718fb3ae6e173f7994e56,Directed,983,,,1.0
7c79244de5bfceb88e9958462c93f3b8f65d8b8f,32e62b1e3c0856b35b1718fb3ae6e173f7994e56,Directed,984,,,1.0
604e3b9e1e06dc4a0b3bddbd75aa2a522cb7f252,d46b028eb31d63205f390f30ee5e86fb0ad70653,Directed,985,,,1.0
c22f1e82700d07300fb31f50cb6f79e2c959b883,d46b028eb31d63205f390f30ee5e86fb0ad70653,Directed,986,,,1.0
805769540d2cae7f9252a5e032433df4f19ac120,d46b028eb31d63205f390f30ee5e86fb0ad70653,Directed,987,,,1.0
922defdb7e97813b9b25c5598c96783fc5193425,d46b028eb31d63205f390f30ee5e86fb0ad70653,Directed,988,,,1.0
e1be8536218d3629cef6d87b7baa7f9a77c7d10a,d46b028eb31d63205f390f30ee5e86fb0ad70653,Directed,989,,,1.0
2666ede56c6636b0ca197ffd0bf27388972363ce,d46b028eb31d63205f390f30ee5e86fb0ad70653,Directed,990,,,1.0
c1dc35c5f5ad6ebfbd7ecfde7f9e99856d5d4cce,d46b028eb31d63205f390f30ee5e86fb0ad70653,Directed,991,,,1.0
5368fe55361d8ceea6eca2c0f9bb66df0526ee85,d46b028eb31d63205f390f30ee5e86fb0ad70653,Directed,992,,,1.0
e235379cd70fa7605805b64194c74d8afb51e6cd,d46b028eb31d63205f390f30ee5e86fb0ad70653,Directed,993,,,1.0
c7307f699ac7638b02c80833e0ab548891f4ff17,d46b028eb31d63205f390f30ee5e86fb0ad70653,Directed,994,,,1.0
3dd9ca355763e88e32098128a95714f215a3f228,169aebc58134003d915b240f6fedb6c5e90b0144,Directed,995,,,1.0
e1be8536218d3629cef6d87b7baa7f9a77c7d10a,169aebc58134003d915b240f6fedb6c5e90b0144,Directed,996,,,1.0
d7c14cc6e23876dddb0c2a56fccebafb5dca03f4,169aebc58134003d915b240f6fedb6c5e90b0144,Directed,997,,,1.0
c1dc35c5f5ad6ebfbd7ecfde7f9e99856d5d4cce,169aebc58134003d915b240f6fedb6c5e90b0144,Directed,998,,,1.0
b58259cbd2494041442f85f6c8e6062c5e074b19,169aebc58134003d915b240f6fedb6c5e90b0144,Directed,999,,,1.0
ef5ade10f8a78bd73d391e76bf2967c667056559,c1dc35c5f5ad6ebfbd7ecfde7f9e99856d5d4cce,Directed,1000,,,1.0
078a35f88e43e078f9bf38caef4252b2f14ed8f3,c1dc35c5f5ad6ebfbd7ecfde7f9e99856d5d4cce,Directed,1001,,,5.0
bf41351eb7c6ba568c45dae8c39e2517cc54ed1a,c1dc35c5f5ad6ebfbd7ecfde7f9e99856d5d4cce,Directed,1002,,,1.0
15d35affe71c225ad375c067350eb87a711eefc7,c1dc35c5f5ad6ebfbd7ecfde7f9e99856d5d4cce,Directed,1003,,,5.0
363f0d3473e3c77832136375edcffbe764a4392e,c1dc35c5f5ad6ebfbd7ecfde7f9e99856d5d4cce,Directed,1004,,,4.0
6291cd66370d74b5dc70fa1600664972e3411780,c1dc35c5f5ad6ebfbd7ecfde7f9e99856d5d4cce,Directed,1005,,,2.0
c22f1e82700d07300fb31f50cb6f79e2c959b883,c1dc35c5f5ad6ebfbd7ecfde7f9e99856d5d4cce,Directed,1006,,,8.0
d46b028eb31d63205f390f30ee5e86fb0ad70653,c1dc35c5f5ad6ebfbd7ecfde7f9e99856d5d4cce,Directed,1007,,,3.0
7d5b6bf73314af9649dc265ecf812d0740559e77,c1dc35c5f5ad6ebfbd7ecfde7f9e99856d5d4cce,Directed,1008,,,2.0
922defdb7e97813b9b25c5598c96783fc5193425,c1dc35c5f5ad6ebfbd7ecfde7f9e99856d5d4cce,Directed,1009,,,6.0
bef2da52540948d6840aa648f946d8e740ba2c57,c1dc35c5f5ad6ebfbd7ecfde7f9e99856d5d4cce,Directed,1010,,,2.0
e1be8536218d3629cef6d87b7baa7f9a77c7d10a,c1dc35c5f5ad6ebfbd7ecfde7f9e99856d5d4cce,Directed,1011,,,5.0
87cdb9176d71e411f32ba506dfb4790214033056,c1dc35c5f5ad6ebfbd7ecfde7f9e99856d5d4cce,Directed,1012,,,5.0
d7c14cc6e23876dddb0c2a56fccebafb5dca03f4,c1dc35c5f5ad6ebfbd7ecfde7f9e99856d5d4cce,Directed,1013,,,3.0
2666ede56c6636b0ca197ffd0bf27388972363ce,c1dc35c5f5ad6ebfbd7ecfde7f9e99856d5d4cce,Directed,1014,,,4.0
940cf95b40f9023e13ac1eb1fb274d9790c42b70,c1dc35c5f5ad6ebfbd7ecfde7f9e99856d5d4cce,Directed,1015,,,1.0
d508d71ddd1003d8fe8764d49438c9f9143ae288,c1dc35c5f5ad6ebfbd7ecfde7f9e99856d5d4cce,Directed,1016,,,1.0
e1be8536218d3629cef6d87b7baa7f9a77c7d10a,604e3b9e1e06dc4a0b3bddbd75aa2a522cb7f252,Directed,1017,,,1.0
32e62b1e3c0856b35b1718fb3ae6e173f7994e56,604e3b9e1e06dc4a0b3bddbd75aa2a522cb7f252,Directed,1018,,,1.0
29f5aec3a7395f0ad0495466cc73ef2140550041,604e3b9e1e06dc4a0b3bddbd75aa2a522cb7f252,Directed,1019,,,1.0
13ad4157558821eb5881f4ff9b035a406cc3e550,604e3b9e1e06dc4a0b3bddbd75aa2a522cb7f252,Directed,1020,,,1.0
922defdb7e97813b9b25c5598c96783fc5193425,604e3b9e1e06dc4a0b3bddbd75aa2a522cb7f252,Directed,1021,,,1.0
4e267def6707b488d38971e9f4297e74931d06b9,604e3b9e1e06dc4a0b3bddbd75aa2a522cb7f252,Directed,1022,,,1.0
0d41f0370e319f3a451748addc28392e3d91d9c9,604e3b9e1e06dc4a0b3bddbd75aa2a522cb7f252,Directed,1023,,,2.0
64cd19e2f478ceaa8d1cd9f559fbadcd72adfbb7,604e3b9e1e06dc4a0b3bddbd75aa2a522cb7f252,Directed,1024,,,1.0
375ccea25a1c287a704ded0f1fb22e5053ecbc00,604e3b9e1e06dc4a0b3bddbd75aa2a522cb7f252,Directed,1025,,,1.0
fb037ab8a36849bb4510a355ccfe8338acf18ae9,604e3b9e1e06dc4a0b3bddbd75aa2a522cb7f252,Directed,1026,,,1.0
c31841967abef266a60923efffb146501a0afa52,604e3b9e1e06dc4a0b3bddbd75aa2a522cb7f252,Directed,1027,,,2.0
7cf9faf31822f30ece854f676addb2b4e77f125c,604e3b9e1e06dc4a0b3bddbd75aa2a522cb7f252,Directed,1028,,,1.0
e8439bc876901a440031775bedf928711ccdd9c3,604e3b9e1e06dc4a0b3bddbd75aa2a522cb7f252,Directed,1029,,,2.0
bebefd9267c3d7876dafaba867a7647cf13cf438,604e3b9e1e06dc4a0b3bddbd75aa2a522cb7f252,Directed,1030,,,1.0
c22f1e82700d07300fb31f50cb6f79e2c959b883,604e3b9e1e06dc4a0b3bddbd75aa2a522cb7f252,Directed,1031,,,2.0
c1dc35c5f5ad6ebfbd7ecfde7f9e99856d5d4cce,604e3b9e1e06dc4a0b3bddbd75aa2a522cb7f252,Directed,1032,,,2.0
2666ede56c6636b0ca197ffd0bf27388972363ce,604e3b9e1e06dc4a0b3bddbd75aa2a522cb7f252,Directed,1033,,,1.0
bf41351eb7c6ba568c45dae8c39e2517cc54ed1a,604e3b9e1e06dc4a0b3bddbd75aa2a522cb7f252,Directed,1034,,,3.0
1bd2df4f636652cbb488c3ed3258f501b20d5f76,604e3b9e1e06dc4a0b3bddbd75aa2a522cb7f252,Directed,1035,,,3.0
1ccc422d06a2b0da7e03c7dac00a25d71d1e0547,bebefd9267c3d7876dafaba867a7647cf13cf438,Directed,1036,,,1.0
2d4e995d371af72fc113607ac7a84aa17439a066,bebefd9267c3d7876dafaba867a7647cf13cf438,Directed,1037,,,1.0
e93304b9b96b0ad1777959ff3f0a484bcb96b42d,bebefd9267c3d7876dafaba867a7647cf13cf438,Directed,1038,,,1.0
5393a548fe505bcddb9f3cb979cbefe31fd3eaac,bebefd9267c3d7876dafaba867a7647cf13cf438,Directed,1039,,,1.0
850dd709c76151b158c110686302ce9757c95984,bebefd9267c3d7876dafaba867a7647cf13cf438,Directed,1040,,,1.0
d96eab80bdc8a73e0ec7ff583ec089f716b14fe5,bebefd9267c3d7876dafaba867a7647cf13cf438,Directed,1041,,,1.0
be51407a84f538202f5f3e2793d7af47b4175bd4,bebefd9267c3d7876dafaba867a7647cf13cf438,Directed,1042,,,1.0
c22f1e82700d07300fb31f50cb6f79e2c959b883,bebefd9267c3d7876dafaba867a7647cf13cf438,Directed,1043,,,1.0
c7be67ccf2c23184c4d2a4e4fc7e454e11f1ec93,bebefd9267c3d7876dafaba867a7647cf13cf438,Directed,1044,,,1.0
26f585e4737e809a3be456bd81cea3bfb66fdf35,bebefd9267c3d7876dafaba867a7647cf13cf438,Directed,1045,,,1.0
9dc6ede2e6dfc18d8c5d58089eb2b64c24d8fa5c,bebefd9267c3d7876dafaba867a7647cf13cf438,Directed,1046,,,1.0
35d21717bc6e837f37a832c2fe7d004af2921826,bebefd9267c3d7876dafaba867a7647cf13cf438,Directed,1047,,,1.0
ca4d268a7d362c3166618976229af2b725b68579,bebefd9267c3d7876dafaba867a7647cf13cf438,Directed,1048,,,1.0
e8439bc876901a440031775bedf928711ccdd9c3,bebefd9267c3d7876dafaba867a7647cf13cf438,Directed,1049,,,1.0
d7c14cc6e23876dddb0c2a56fccebafb5dca03f4,bebefd9267c3d7876dafaba867a7647cf13cf438,Directed,1050,,,22.0
982a9b35a4d2fd70aa6e2420dc0821569f044692,bebefd9267c3d7876dafaba867a7647cf13cf438,Directed,1051,,,8.0
c1dc35c5f5ad6ebfbd7ecfde7f9e99856d5d4cce,bebefd9267c3d7876dafaba867a7647cf13cf438,Directed,1052,,,6.0
bebefd9267c3d7876dafaba867a7647cf13cf438,bebefd9267c3d7876dafaba867a7647cf13cf438,Directed,1053,,,26.0
a2224c49ca419c8a5af0f1014fb905a44b0a3f86,bebefd9267c3d7876dafaba867a7647cf13cf438,Directed,1054,,,1.0
5368fe55361d8ceea6eca2c0f9bb66df0526ee85,bebefd9267c3d7876dafaba867a7647cf13cf438,Directed,1055,,,2.0
c31841967abef266a60923efffb146501a0afa52,bebefd9267c3d7876dafaba867a7647cf13cf438,Directed,1056,,,2.0
b17f124ebf04e79df9bcef1caae293da302ee231,bebefd9267c3d7876dafaba867a7647cf13cf438,Directed,1057,,,1.0
a305fbbf0550fdace6a5e10b72541b42b430411f,bebefd9267c3d7876dafaba867a7647cf13cf438,Directed,1058,,,13.0
a8b9e5adc923ab98b65ea44dfd6e8e781a522068,bebefd9267c3d7876dafaba867a7647cf13cf438,Directed,1059,,,25.0
d46b028eb31d63205f390f30ee5e86fb0ad70653,bebefd9267c3d7876dafaba867a7647cf13cf438,Directed,1060,,,13.0
24fbe21616c3410807854ba522bdfac46e0ca10b,bebefd9267c3d7876dafaba867a7647cf13cf438,Directed,1061,,,1.0
3b38390f8c2d67a8b2f8bb633ec03adfb282957c,bebefd9267c3d7876dafaba867a7647cf13cf438,Directed,1062,,,5.0
bc01d896e4ce437997b9f824b7ba6d3e71c5af44,bebefd9267c3d7876dafaba867a7647cf13cf438,Directed,1063,,,1.0
6f40411a12ca2e53750b1507c72dd1db99530525,bebefd9267c3d7876dafaba867a7647cf13cf438,Directed,1064,,,2.0
3a9dc999d403a70d7926b03c9035beb3dab62122,e7e68578d31bbb6832bd7e809f0776d6900598a6,Directed,1065,,,2.0
c22f1e82700d07300fb31f50cb6f79e2c959b883,e7e68578d31bbb6832bd7e809f0776d6900598a6,Directed,1066,,,2.0
c6786ea1c1badcf7fa156b6026dd25199e3ebd1d,e7e68578d31bbb6832bd7e809f0776d6900598a6,Directed,1067,,,2.0
30e598a2dd3afb2396ab65700a667f13c93589da,e7e68578d31bbb6832bd7e809f0776d6900598a6,Directed,1068,,,1.0
b0d489884bff9a7ca96a1d7b3dd2d6b8b83085d4,e7e68578d31bbb6832bd7e809f0776d6900598a6,Directed,1069,,,2.0
0fa61d166e7878e17f79213f599e5461348cab33,e7e68578d31bbb6832bd7e809f0776d6900598a6,Directed,1070,,,1.0
d485602da90778fafabaf99d462e190f5d38ede8,e7e68578d31bbb6832bd7e809f0776d6900598a6,Directed,1071,,,1.0
fd4b1a4729da7687a28e1a70ac035dd8e081e785,e7e68578d31bbb6832bd7e809f0776d6900598a6,Directed,1072,,,1.0
e4e018cea169188c7eba2d624bec201f1a312455,e7e68578d31bbb6832bd7e809f0776d6900598a6,Directed,1073,,,2.0
3a9dc999d403a70d7926b03c9035beb3dab62122,5368fe55361d8ceea6eca2c0f9bb66df0526ee85,Directed,1074,,,1.0
ec129a0fdcb6297f7b1608bac16d4d7e98fc3f4e,5368fe55361d8ceea6eca2c0f9bb66df0526ee85,Directed,1075,,,1.0
3dd9ca355763e88e32098128a95714f215a3f228,5368fe55361d8ceea6eca2c0f9bb66df0526ee85,Directed,1076,,,1.0
d1309c6e0eb5b4f8a8b1384e8f113a84f96fdd08,5368fe55361d8ceea6eca2c0f9bb66df0526ee85,Directed,1077,,,1.0
26f585e4737e809a3be456bd81cea3bfb66fdf35,5368fe55361d8ceea6eca2c0f9bb66df0526ee85,Directed,1078,,,1.0
c1dc35c5f5ad6ebfbd7ecfde7f9e99856d5d4cce,5368fe55361d8ceea6eca2c0f9bb66df0526ee85,Directed,1079,,,1.0
e235379cd70fa7605805b64194c74d8afb51e6cd,5368fe55361d8ceea6eca2c0f9bb66df0526ee85,Directed,1080,,,1.0
97677574f8be8718a5bd86770c68250757b93891,5368fe55361d8ceea6eca2c0f9bb66df0526ee85,Directed,1081,,,1.0
48d8331a434ebef7af7967b22e1073a50b8f7173,5368fe55361d8ceea6eca2c0f9bb66df0526ee85,Directed,1082,,,1.0
c3b7ce771d5dc0603fc13ac8d87cd26b7580a293,5368fe55361d8ceea6eca2c0f9bb66df0526ee85,Directed,1083,,,1.0
e5050d25b277eee74837ffbb2f47da0c2c9c8ef7,5368fe55361d8ceea6eca2c0f9bb66df0526ee85,Directed,1084,,,1.0
e1be8536218d3629cef6d87b7baa7f9a77c7d10a,5368fe55361d8ceea6eca2c0f9bb66df0526ee85,Directed,1085,,,1.0
a305fbbf0550fdace6a5e10b72541b42b430411f,5368fe55361d8ceea6eca2c0f9bb66df0526ee85,Directed,1086,,,1.0
fb037ab8a36849bb4510a355ccfe8338acf18ae9,5368fe55361d8ceea6eca2c0f9bb66df0526ee85,Directed,1087,,,1.0
3b38390f8c2d67a8b2f8bb633ec03adfb282957c,5368fe55361d8ceea6eca2c0f9bb66df0526ee85,Directed,1088,,,2.0
a2224c49ca419c8a5af0f1014fb905a44b0a3f86,5368fe55361d8ceea6eca2c0f9bb66df0526ee85,Directed,1089,,,1.0
c22f1e82700d07300fb31f50cb6f79e2c959b883,5368fe55361d8ceea6eca2c0f9bb66df0526ee85,Directed,1090,,,1.0
5dbdd111a441f4be138b30b1447f32b60ceee13e,5368fe55361d8ceea6eca2c0f9bb66df0526ee85,Directed,1091,,,1.0
8ee2e055517d0392b9b60959bcf26aadf985055e,5368fe55361d8ceea6eca2c0f9bb66df0526ee85,Directed,1092,,,1.0
cfdc2be39677d1e5745ef750d8ec65b84311c607,5368fe55361d8ceea6eca2c0f9bb66df0526ee85,Directed,1093,,,1.0
64cd19e2f478ceaa8d1cd9f559fbadcd72adfbb7,5368fe55361d8ceea6eca2c0f9bb66df0526ee85,Directed,1094,,,1.0
44f2f143042b7ff73ffb974d0ed94c75bacdc542,5368fe55361d8ceea6eca2c0f9bb66df0526ee85,Directed,1095,,,1.0
982a9b35a4d2fd70aa6e2420dc0821569f044692,5368fe55361d8ceea6eca2c0f9bb66df0526ee85,Directed,1096,,,1.0
7670cdd4dd19200af872ea2ef1b99febe658bea0,5368fe55361d8ceea6eca2c0f9bb66df0526ee85,Directed,1097,,,1.0
bebefd9267c3d7876dafaba867a7647cf13cf438,5368fe55361d8ceea6eca2c0f9bb66df0526ee85,Directed,1098,,,1.0
32f8e07de587fcd1cdb52ba91e2482fe6a5731dc,5368fe55361d8ceea6eca2c0f9bb66df0526ee85,Directed,1099,,,1.0
e8e18106258f3f46f9dea098f9a3226f8faaff44,695c463f400357d92907a0cac951b496aee206da,Directed,1100,,,1.0
3dd9ca355763e88e32098128a95714f215a3f228,695c463f400357d92907a0cac951b496aee206da,Directed,1101,,,1.0
bf41351eb7c6ba568c45dae8c39e2517cc54ed1a,695c463f400357d92907a0cac951b496aee206da,Directed,1102,,,1.0
224196d1da590249a17f67dbe11d5705a3d07335,604e3b9e1e06dc4a0b3bddbd75aa2a522cb7f252,Directed,1103,,,1.0
9d84da5ced8626c33db94af0cae127c6d35f6ecd,604e3b9e1e06dc4a0b3bddbd75aa2a522cb7f252,Directed,1104,,,1.0
a8b9e5adc923ab98b65ea44dfd6e8e781a522068,604e3b9e1e06dc4a0b3bddbd75aa2a522cb7f252,Directed,1105,,,1.0
3dd9ca355763e88e32098128a95714f215a3f228,604e3b9e1e06dc4a0b3bddbd75aa2a522cb7f252,Directed,1106,,,1.0
2818129054b1fe4cfefe2a631fd0f0efa9125fa6,604e3b9e1e06dc4a0b3bddbd75aa2a522cb7f252,Directed,1107,,,1.0
629e155a7b210315b30995b6f27ee5bfd04bb2ed,604e3b9e1e06dc4a0b3bddbd75aa2a522cb7f252,Directed,1108,,,1.0
24fbe21616c3410807854ba522bdfac46e0ca10b,604e3b9e1e06dc4a0b3bddbd75aa2a522cb7f252,Directed,1109,,,1.0
695c463f400357d92907a0cac951b496aee206da,604e3b9e1e06dc4a0b3bddbd75aa2a522cb7f252,Directed,1110,,,1.0
97f197e61007a1dd4e47eaf6780d7c1d8b5eba72,604e3b9e1e06dc4a0b3bddbd75aa2a522cb7f252,Directed,1111,,,1.0
fefac3813ca2e3f3b0edcc878b79e499e09b54d6,604e3b9e1e06dc4a0b3bddbd75aa2a522cb7f252,Directed,1112,,,1.0
87cdb9176d71e411f32ba506dfb4790214033056,33f8e8cea2174fc5284f47c5940f9ecf2898cdce,Directed,1113,,,1.0
d485602da90778fafabaf99d462e190f5d38ede8,33f8e8cea2174fc5284f47c5940f9ecf2898cdce,Directed,1114,,,1.0
3dd9ca355763e88e32098128a95714f215a3f228,33f8e8cea2174fc5284f47c5940f9ecf2898cdce,Directed,1115,,,1.0
b61ed5db8f7f19f2e47aff8cafc1a33b38896286,33f8e8cea2174fc5284f47c5940f9ecf2898cdce,Directed,1116,,,1.0
f60025ffa23ec8d1eb3e85632e1fa6f526fc2d41,33f8e8cea2174fc5284f47c5940f9ecf2898cdce,Directed,1117,,,1.0
c22f1e82700d07300fb31f50cb6f79e2c959b883,33f8e8cea2174fc5284f47c5940f9ecf2898cdce,Directed,1118,,,2.0
bf41351eb7c6ba568c45dae8c39e2517cc54ed1a,33f8e8cea2174fc5284f47c5940f9ecf2898cdce,Directed,1119,,,1.0
0b580b96c85eeadf0371f08af9a5efa61a4d8a67,33f8e8cea2174fc5284f47c5940f9ecf2898cdce,Directed,1120,,,1.0
695c463f400357d92907a0cac951b496aee206da,33f8e8cea2174fc5284f47c5940f9ecf2898cdce,Directed,1121,,,1.0
c1dc35c5f5ad6ebfbd7ecfde7f9e99856d5d4cce,33f8e8cea2174fc5284f47c5940f9ecf2898cdce,Directed,1122,,,1.0
e1be8536218d3629cef6d87b7baa7f9a77c7d10a,33f8e8cea2174fc5284f47c5940f9ecf2898cdce,Directed,1123,,,1.0
5dbdd111a441f4be138b30b1447f32b60ceee13e,33f8e8cea2174fc5284f47c5940f9ecf2898cdce,Directed,1124,,,1.0
c31841967abef266a60923efffb146501a0afa52,33f8e8cea2174fc5284f47c5940f9ecf2898cdce,Directed,1125,,,1.0
37737740044355d6fe86e8b2307a85f79ac8e65e,33f8e8cea2174fc5284f47c5940f9ecf2898cdce,Directed,1126,,,1.0
1ccc422d06a2b0da7e03c7dac00a25d71d1e0547,e7e68578d31bbb6832bd7e809f0776d6900598a6,Directed,1127,,,1.0
d679186f70a14450b4d7cd839667810399c03448,e7e68578d31bbb6832bd7e809f0776d6900598a6,Directed,1128,,,1.0
0b580b96c85eeadf0371f08af9a5efa61a4d8a67,e7e68578d31bbb6832bd7e809f0776d6900598a6,Directed,1129,,,1.0
56920e5e86120c0495437e38b16f8e772247dd78,e7e68578d31bbb6832bd7e809f0776d6900598a6,Directed,1130,,,1.0
60bdd768662efe1029d928fbe3f671ebdc4dcd1a,e7e68578d31bbb6832bd7e809f0776d6900598a6,Directed,1131,,,1.0
093fb54d62b96529b087dec989f00edcefe28082,e7e68578d31bbb6832bd7e809f0776d6900598a6,Directed,1132,,,1.0
695c463f400357d92907a0cac951b496aee206da,e7e68578d31bbb6832bd7e809f0776d6900598a6,Directed,1133,,,1.0
53580e57822b457671ff2026f53432ed44d07de9,e7e68578d31bbb6832bd7e809f0776d6900598a6,Directed,1134,,,1.0
494b9186a8100d26ec6e29f55893b51f064c6cf7,e7e68578d31bbb6832bd7e809f0776d6900598a6,Directed,1135,,,1.0
92d5c87ec48e563df87707c61761537fa8c32c04,e7e68578d31bbb6832bd7e809f0776d6900598a6,Directed,1136,,,1.0
f5e7f60ae1fb336fc02746b67af459fd8099835d,e7e68578d31bbb6832bd7e809f0776d6900598a6,Directed,1137,,,1.0
982a9b35a4d2fd70aa6e2420dc0821569f044692,e7e68578d31bbb6832bd7e809f0776d6900598a6,Directed,1138,,,1.0
922defdb7e97813b9b25c5598c96783fc5193425,e7e68578d31bbb6832bd7e809f0776d6900598a6,Directed,1139,,,1.0
f716814eace28cfed995978d52aac4f7be639a72,e7e68578d31bbb6832bd7e809f0776d6900598a6,Directed,1140,,,2.0
4e267def6707b488d38971e9f4297e74931d06b9,e7e68578d31bbb6832bd7e809f0776d6900598a6,Directed,1141,,,1.0
7b96540ff7849baba61358d1dd02c7de8d75e5ff,e7e68578d31bbb6832bd7e809f0776d6900598a6,Directed,1142,,,1.0
0de56348eabac8396c555180372e5b482453e839,e7e68578d31bbb6832bd7e809f0776d6900598a6,Directed,1143,,,1.0
c1dc35c5f5ad6ebfbd7ecfde7f9e99856d5d4cce,e7e68578d31bbb6832bd7e809f0776d6900598a6,Directed,1144,,,1.0
10897007a3aa103a40780c5f9433f1f36c036645,e7e68578d31bbb6832bd7e809f0776d6900598a6,Directed,1145,,,1.0
2be092fdf8a772324116c3c6218f005b7ad5af9f,e7e68578d31bbb6832bd7e809f0776d6900598a6,Directed,1146,,,1.0
35922475680adbed8bb26597922e2f9ea01f37d3,e7e68578d31bbb6832bd7e809f0776d6900598a6,Directed,1147,,,1.0
6f697dade29e528f13588cae5f0f27d6cbef2740,e7e68578d31bbb6832bd7e809f0776d6900598a6,Directed,1148,,,1.0
c1dc39e23bc69256ee299d0aa6dca228970f30c3,e7e68578d31bbb6832bd7e809f0776d6900598a6,Directed,1149,,,1.0
627c6b506b112121242c1869ca101f2014417e08,e7e68578d31bbb6832bd7e809f0776d6900598a6,Directed,1150,,,1.0
29f5aec3a7395f0ad0495466cc73ef2140550041,e7e68578d31bbb6832bd7e809f0776d6900598a6,Directed,1151,,,1.0
109538a770aff9d0f1724f434b2e24d0a59bfc48,e7e68578d31bbb6832bd7e809f0776d6900598a6,Directed,1152,,,1.0
4c168f52b3d126d26cafe7010443a23ff4e3c41a,e7e68578d31bbb6832bd7e809f0776d6900598a6,Directed,1153,,,1.0
f01fff6f73e5381a576234c24df52c84c97cd52f,e7e68578d31bbb6832bd7e809f0776d6900598a6,Directed,1154,,,1.0
eab41cc6c5725ccbe77df1e5f4ea9c433c9512ab,e7e68578d31bbb6832bd7e809f0776d6900598a6,Directed,1155,,,1.0
ef71ef1807a663375992c26b35df97d75e007f68,e7e68578d31bbb6832bd7e809f0776d6900598a6,Directed,1156,,,1.0
7b13763cbd5b980bf7ed5ac0ebabcef7f87c4064,e7e68578d31bbb6832bd7e809f0776d6900598a6,Directed,1157,,,1.0
a797417ef6bea9cd27ecb5a2fc4bc78c231c0cef,e7e68578d31bbb6832bd7e809f0776d6900598a6,Directed,1158,,,1.0
a7e5965ac3413013cc0fd3d965439016170ca3d1,e7e68578d31bbb6832bd7e809f0776d6900598a6,Directed,1159,,,1.0
161a687a35b7d169b512cd9809bee18f2540e466,e7e68578d31bbb6832bd7e809f0776d6900598a6,Directed,1160,,,1.0
91593767609e5564ccb9d124f40f3a1b2abf175b,e7e68578d31bbb6832bd7e809f0776d6900598a6,Directed,1161,,,1.0
3c556a91921b49d42804cd87f24e12dc2c8a73ec,e7e68578d31bbb6832bd7e809f0776d6900598a6,Directed,1162,,,1.0
b37ede8a86e347da68766fff236a29825319dc82,e7e68578d31bbb6832bd7e809f0776d6900598a6,Directed,1163,,,1.0
5ca677f8fefe81f3f84b877dab24fa2dc9c08f2a,e7e68578d31bbb6832bd7e809f0776d6900598a6,Directed,1164,,,3.0
a49b73283d0abd9fe190a685320fee66afc000db,e7e68578d31bbb6832bd7e809f0776d6900598a6,Directed,1165,,,1.0
a2d580940b5047747100959b8da185a0e1d2f844,e7e68578d31bbb6832bd7e809f0776d6900598a6,Directed,1166,,,1.0
eec9da9ae002ef2b7ad27de9fa63b6abf7c44562,e7e68578d31bbb6832bd7e809f0776d6900598a6,Directed,1167,,,2.0
c8e78389a00d472d1097b42ad392bfed976bba9c,e7e68578d31bbb6832bd7e809f0776d6900598a6,Directed,1168,,,2.0
3f449a831672c49a6c9f9fb4e3d64a88b1322ce5,e7e68578d31bbb6832bd7e809f0776d6900598a6,Directed,1169,,,1.0
15d35affe71c225ad375c067350eb87a711eefc7,e7e68578d31bbb6832bd7e809f0776d6900598a6,Directed,1170,,,1.0
6e51cfeb72925fb3a38a242e883aa97555e27f5a,e7e68578d31bbb6832bd7e809f0776d6900598a6,Directed,1171,,,1.0
2277e58cbd84888e771f14a71876463a133ddec5,e7e68578d31bbb6832bd7e809f0776d6900598a6,Directed,1172,,,1.0
1900a578086eba8fc956c9ddde556f291d64cbc2,e7e68578d31bbb6832bd7e809f0776d6900598a6,Directed,1173,,,1.0
1d2816b5ad526a8e0b7697e47d4cbc1fe27f9f47,e7e68578d31bbb6832bd7e809f0776d6900598a6,Directed,1174,,,1.0
9563b3c40c14481d077eef7a58d7eedcb9c2afe9,e7e68578d31bbb6832bd7e809f0776d6900598a6,Directed,1175,,,1.0
97f197e61007a1dd4e47eaf6780d7c1d8b5eba72,e7e68578d31bbb6832bd7e809f0776d6900598a6,Directed,1176,,,1.0
03054271c591c691008e1e46b8fa26bb497e3d23,e7e68578d31bbb6832bd7e809f0776d6900598a6,Directed,1177,,,1.0
464d2399fb0a61bb5cec8796a70698f39684f51c,e7e68578d31bbb6832bd7e809f0776d6900598a6,Directed,1178,,,1.0
9742e9e6e87629d4c52de6a6e3c972649af08aa3,e7e68578d31bbb6832bd7e809f0776d6900598a6,Directed,1179,,,1.0
6808e406ad78c976ad9eaaf95c86fbd2c7216786,e7e68578d31bbb6832bd7e809f0776d6900598a6,Directed,1180,,,1.0
244fedbf07fef76cd4bcbaeaf6f2dffd133a5095,e7e68578d31bbb6832bd7e809f0776d6900598a6,Directed,1181,,,1.0
b3b53cb555ba651647ab96b8a4cde2d407c633b4,e7e68578d31bbb6832bd7e809f0776d6900598a6,Directed,1182,,,1.0
a54945432950db85ec776cd2b1d9ac12c1970f9c,e7e68578d31bbb6832bd7e809f0776d6900598a6,Directed,1183,,,1.0
43fd3c12f872b5427cb3d58011b0d74b2548a6b8,e7e68578d31bbb6832bd7e809f0776d6900598a6,Directed,1184,,,1.0
87cdb9176d71e411f32ba506dfb4790214033056,e7e68578d31bbb6832bd7e809f0776d6900598a6,Directed,1185,,,1.0
d46b028eb31d63205f390f30ee5e86fb0ad70653,e7e68578d31bbb6832bd7e809f0776d6900598a6,Directed,1186,,,1.0
0383d2d96a8e7676df9bf1ebd4455d846f2d1059,e7e68578d31bbb6832bd7e809f0776d6900598a6,Directed,1187,,,1.0
7fb678a721e02f5641acb0384493ccb534eade26,e7e68578d31bbb6832bd7e809f0776d6900598a6,Directed,1188,,,1.0
908d9dd0c1fd7608d53426177d0abda24506614d,e7e68578d31bbb6832bd7e809f0776d6900598a6,Directed,1189,,,1.0
0b48852b39bee6c70cf7ba21fb22f10cf1c76931,e7e68578d31bbb6832bd7e809f0776d6900598a6,Directed,1190,,,1.0
24fbe21616c3410807854ba522bdfac46e0ca10b,e7e68578d31bbb6832bd7e809f0776d6900598a6,Directed,1191,,,1.0
bef2da52540948d6840aa648f946d8e740ba2c57,e7e68578d31bbb6832bd7e809f0776d6900598a6,Directed,1192,,,1.0
5dbdd111a441f4be138b30b1447f32b60ceee13e,e7e68578d31bbb6832bd7e809f0776d6900598a6,Directed,1193,,,1.0
bcfc985260a228b9e7e48bea278bacb13e5e8bb7,e7e68578d31bbb6832bd7e809f0776d6900598a6,Directed,1194,,,3.0
e7e68578d31bbb6832bd7e809f0776d6900598a6,e7e68578d31bbb6832bd7e809f0776d6900598a6,Directed,1195,,,6.0
d3f69a8ede043c600ca78ff26d1fe0b35edd38b5,e7e68578d31bbb6832bd7e809f0776d6900598a6,Directed,1196,,,1.0
9873f5364d39b2ae741049f22c3d2a556828f1ad,e7e68578d31bbb6832bd7e809f0776d6900598a6,Directed,1197,,,1.0
c62b8172c47e29671f66cdc5a556f697043a78ce,e7e68578d31bbb6832bd7e809f0776d6900598a6,Directed,1198,,,1.0
78272a427cdc6b7b747743ae3bf8b4a1254cfe06,e7e68578d31bbb6832bd7e809f0776d6900598a6,Directed,1199,,,1.0
fbcfc92d996a32ad38da13b97b6e2b6b9007d765,e7e68578d31bbb6832bd7e809f0776d6900598a6,Directed,1200,,,1.0
0d41f0370e319f3a451748addc28392e3d91d9c9,922defdb7e97813b9b25c5598c96783fc5193425,Directed,1201,,,1.0
e8439bc876901a440031775bedf928711ccdd9c3,922defdb7e97813b9b25c5598c96783fc5193425,Directed,1202,,,1.0
604e3b9e1e06dc4a0b3bddbd75aa2a522cb7f252,922defdb7e97813b9b25c5598c96783fc5193425,Directed,1203,,,1.0
c1dc35c5f5ad6ebfbd7ecfde7f9e99856d5d4cce,922defdb7e97813b9b25c5598c96783fc5193425,Directed,1204,,,3.0
2818129054b1fe4cfefe2a631fd0f0efa9125fa6,922defdb7e97813b9b25c5598c96783fc5193425,Directed,1205,,,1.0
9d84da5ced8626c33db94af0cae127c6d35f6ecd,e8439bc876901a440031775bedf928711ccdd9c3,Directed,1206,,,1.0
695c463f400357d92907a0cac951b496aee206da,e8439bc876901a440031775bedf928711ccdd9c3,Directed,1207,,,1.0
a8b9e5adc923ab98b65ea44dfd6e8e781a522068,e8439bc876901a440031775bedf928711ccdd9c3,Directed,1208,,,1.0
c1dc35c5f5ad6ebfbd7ecfde7f9e99856d5d4cce,e8439bc876901a440031775bedf928711ccdd9c3,Directed,1209,,,2.0
922defdb7e97813b9b25c5598c96783fc5193425,e8439bc876901a440031775bedf928711ccdd9c3,Directed,1210,,,2.0
e1be8536218d3629cef6d87b7baa7f9a77c7d10a,e8439bc876901a440031775bedf928711ccdd9c3,Directed,1211,,,2.0
d46b028eb31d63205f390f30ee5e86fb0ad70653,e8439bc876901a440031775bedf928711ccdd9c3,Directed,1212,,,1.0
c22f1e82700d07300fb31f50cb6f79e2c959b883,e8439bc876901a440031775bedf928711ccdd9c3,Directed,1213,,,2.0
3dd9ca355763e88e32098128a95714f215a3f228,e8439bc876901a440031775bedf928711ccdd9c3,Directed,1214,,,1.0
2666ede56c6636b0ca197ffd0bf27388972363ce,e8439bc876901a440031775bedf928711ccdd9c3,Directed,1215,,,1.0
24fbe21616c3410807854ba522bdfac46e0ca10b,e8439bc876901a440031775bedf928711ccdd9c3,Directed,1216,,,2.0
5dbdd111a441f4be138b30b1447f32b60ceee13e,e8439bc876901a440031775bedf928711ccdd9c3,Directed,1217,,,1.0
fa11f8b29c7f50eeeba7afa0a926ce604c382f3b,e8439bc876901a440031775bedf928711ccdd9c3,Directed,1218,,,1.0
c1dc35c5f5ad6ebfbd7ecfde7f9e99856d5d4cce,2b2687998b01d407d774e0e468a173e3d0123f11,Directed,1219,,,1.0
74225f87ef7f81bd35c1b77ef08ffab062e5442b,2b2687998b01d407d774e0e468a173e3d0123f11,Directed,1220,,,1.0
5ca677f8fefe81f3f84b877dab24fa2dc9c08f2a,2b2687998b01d407d774e0e468a173e3d0123f11,Directed,1221,,,1.0
c22f1e82700d07300fb31f50cb6f79e2c959b883,2b2687998b01d407d774e0e468a173e3d0123f11,Directed,1222,,,1.0
15d35affe71c225ad375c067350eb87a711eefc7,2b2687998b01d407d774e0e468a173e3d0123f11,Directed,1223,,,1.0
aa8cf7816febcc487ba5b3ee0f1b54e3f50ceb32,2b2687998b01d407d774e0e468a173e3d0123f11,Directed,1224,,,1.0
fbb9b5533f13e8e0d6a996dfc93b6ee1b881df2c,2b2687998b01d407d774e0e468a173e3d0123f11,Directed,1225,,,1.0
e1be8536218d3629cef6d87b7baa7f9a77c7d10a,2b2687998b01d407d774e0e468a173e3d0123f11,Directed,1226,,,1.0
dc52553f585a0c7a85089c13ce72ab7e711563f0,c22f1e82700d07300fb31f50cb6f79e2c959b883,Directed,1227,,,1.0
c6786ea1c1badcf7fa156b6026dd25199e3ebd1d,c22f1e82700d07300fb31f50cb6f79e2c959b883,Directed,1228,,,1.0
9d28b4207fbe7287ad0f5f6372acaa5dbb32435f,c22f1e82700d07300fb31f50cb6f79e2c959b883,Directed,1229,,,1.0
3620477a433c8ce11f3be6cdbf262fd5cb63cde5,c22f1e82700d07300fb31f50cb6f79e2c959b883,Directed,1230,,,1.0
e8439bc876901a440031775bedf928711ccdd9c3,c22f1e82700d07300fb31f50cb6f79e2c959b883,Directed,1231,,,1.0
c1dc35c5f5ad6ebfbd7ecfde7f9e99856d5d4cce,c22f1e82700d07300fb31f50cb6f79e2c959b883,Directed,1232,,,1.0
611ef5383306bd676fbd6870dd90ef304c4142c5,c22f1e82700d07300fb31f50cb6f79e2c959b883,Directed,1233,,,1.0
d96eab80bdc8a73e0ec7ff583ec089f716b14fe5,c22f1e82700d07300fb31f50cb6f79e2c959b883,Directed,1234,,,1.0
2e503de4c69f3bfaefbaf749eded5828f553dc52,c22f1e82700d07300fb31f50cb6f79e2c959b883,Directed,1235,,,1.0
d485602da90778fafabaf99d462e190f5d38ede8,c22f1e82700d07300fb31f50cb6f79e2c959b883,Directed,1236,,,1.0
6c79bdb09b959cd1f4e3d7f2d22166116014c97e,c22f1e82700d07300fb31f50cb6f79e2c959b883,Directed,1237,,,1.0
92d5c87ec48e563df87707c61761537fa8c32c04,c22f1e82700d07300fb31f50cb6f79e2c959b883,Directed,1238,,,1.0
093fb54d62b96529b087dec989f00edcefe28082,c22f1e82700d07300fb31f50cb6f79e2c959b883,Directed,1239,,,1.0
24fbe21616c3410807854ba522bdfac46e0ca10b,c22f1e82700d07300fb31f50cb6f79e2c959b883,Directed,1240,,,1.0
5393a548fe505bcddb9f3cb979cbefe31fd3eaac,c22f1e82700d07300fb31f50cb6f79e2c959b883,Directed,1241,,,1.0
4990647d70bb5b52afc8fc5b528df0e7882fb674,c22f1e82700d07300fb31f50cb6f79e2c959b883,Directed,1242,,,1.0
922defdb7e97813b9b25c5598c96783fc5193425,c22f1e82700d07300fb31f50cb6f79e2c959b883,Directed,1243,,,1.0
940cf95b40f9023e13ac1eb1fb274d9790c42b70,c22f1e82700d07300fb31f50cb6f79e2c959b883,Directed,1244,,,1.0
26f585e4737e809a3be456bd81cea3bfb66fdf35,c22f1e82700d07300fb31f50cb6f79e2c959b883,Directed,1245,,,1.0
74225f87ef7f81bd35c1b77ef08ffab062e5442b,c22f1e82700d07300fb31f50cb6f79e2c959b883,Directed,1246,,,1.0
3dd9ca355763e88e32098128a95714f215a3f228,c22f1e82700d07300fb31f50cb6f79e2c959b883,Directed,1247,,,1.0
e235379cd70fa7605805b64194c74d8afb51e6cd,c22f1e82700d07300fb31f50cb6f79e2c959b883,Directed,1248,,,1.0
c31841967abef266a60923efffb146501a0afa52,c22f1e82700d07300fb31f50cb6f79e2c959b883,Directed,1249,,,1.0
7cf9faf31822f30ece854f676addb2b4e77f125c,c22f1e82700d07300fb31f50cb6f79e2c959b883,Directed,1250,,,1.0
517ff18e3a551fb883a3e0b73fc45bbac753d4a3,c22f1e82700d07300fb31f50cb6f79e2c959b883,Directed,1251,,,1.0
9eb0461e5eccdea0348a0ef130812d245507eda5,c22f1e82700d07300fb31f50cb6f79e2c959b883,Directed,1252,,,1.0
fb037ab8a36849bb4510a355ccfe8338acf18ae9,c22f1e82700d07300fb31f50cb6f79e2c959b883,Directed,1253,,,1.0
90c923eef8ecad361b6da43a2244b356f5e601b2,c22f1e82700d07300fb31f50cb6f79e2c959b883,Directed,1254,,,1.0
286a0788423573bfb53edb7ffd828e3e601f3985,c22f1e82700d07300fb31f50cb6f79e2c959b883,Directed,1255,,,1.0
3f449a831672c49a6c9f9fb4e3d64a88b1322ce5,c22f1e82700d07300fb31f50cb6f79e2c959b883,Directed,1256,,,1.0
e93304b9b96b0ad1777959ff3f0a484bcb96b42d,c22f1e82700d07300fb31f50cb6f79e2c959b883,Directed,1257,,,1.0
859956f43952cb9db3e08594c7bd222d39d5a82f,c22f1e82700d07300fb31f50cb6f79e2c959b883,Directed,1258,,,1.0
2666ede56c6636b0ca197ffd0bf27388972363ce,c22f1e82700d07300fb31f50cb6f79e2c959b883,Directed,1259,,,1.0
bf41351eb7c6ba568c45dae8c39e2517cc54ed1a,c22f1e82700d07300fb31f50cb6f79e2c959b883,Directed,1260,,,1.0
fc1eefc21f2158940cd5a7f23eb1d6d266aee7c8,c22f1e82700d07300fb31f50cb6f79e2c959b883,Directed,1261,,,1.0
97677574f8be8718a5bd86770c68250757b93891,c22f1e82700d07300fb31f50cb6f79e2c959b883,Directed,1262,,,1.0
dc43e5bf210851f69592f7cddca850d2061c26a0,c22f1e82700d07300fb31f50cb6f79e2c959b883,Directed,1263,,,1.0
2818129054b1fe4cfefe2a631fd0f0efa9125fa6,c22f1e82700d07300fb31f50cb6f79e2c959b883,Directed,1264,,,1.0
32e62b1e3c0856b35b1718fb3ae6e173f7994e56,c22f1e82700d07300fb31f50cb6f79e2c959b883,Directed,1265,,,1.0
c22f1e82700d07300fb31f50cb6f79e2c959b883,ed2127b59ff8045ba2857314868474bd231c9345,Directed,1266,,,1.0
56b451c050fd73ca74635f7802d32bfa7ed66c25,ed2127b59ff8045ba2857314868474bd231c9345,Directed,1267,,,1.0
bebefd9267c3d7876dafaba867a7647cf13cf438,ed2127b59ff8045ba2857314868474bd231c9345,Directed,1268,,,1.0
c31841967abef266a60923efffb146501a0afa52,ed2127b59ff8045ba2857314868474bd231c9345,Directed,1269,,,1.0
03927bba8fe5431d564f5e49eebbc9f4213b17f3,3145580799968c323a900b0deba9577bb3438ab2,Directed,1270,,,1.0
7cf9faf31822f30ece854f676addb2b4e77f125c,c1dc35c5f5ad6ebfbd7ecfde7f9e99856d5d4cce,Directed,1271,,,4.0
92e1239f365e0e3329f38632bb9a5a558aebfcca,c1dc35c5f5ad6ebfbd7ecfde7f9e99856d5d4cce,Directed,1272,,,1.0
d96eab80bdc8a73e0ec7ff583ec089f716b14fe5,c1dc35c5f5ad6ebfbd7ecfde7f9e99856d5d4cce,Directed,1273,,,3.0
8b53eba354c5427070671c536b6329152b6db865,c1dc35c5f5ad6ebfbd7ecfde7f9e99856d5d4cce,Directed,1274,,,3.0
365d7a639643f7a8c3073a87e78583a87487ef1d,c1dc35c5f5ad6ebfbd7ecfde7f9e99856d5d4cce,Directed,1275,,,1.0
498192de2d3fc940daee6f9f2fd2da6cfb1b133f,c1dc35c5f5ad6ebfbd7ecfde7f9e99856d5d4cce,Directed,1276,,,1.0
169aebc58134003d915b240f6fedb6c5e90b0144,c1dc35c5f5ad6ebfbd7ecfde7f9e99856d5d4cce,Directed,1277,,,2.0
2818129054b1fe4cfefe2a631fd0f0efa9125fa6,c1dc35c5f5ad6ebfbd7ecfde7f9e99856d5d4cce,Directed,1278,,,5.0
7670cdd4dd19200af872ea2ef1b99febe658bea0,c1dc35c5f5ad6ebfbd7ecfde7f9e99856d5d4cce,Directed,1279,,,2.0
b30cc402152da6696dc6d6e3f952cbfb182a0e0e,c1dc35c5f5ad6ebfbd7ecfde7f9e99856d5d4cce,Directed,1280,,,1.0
97677574f8be8718a5bd86770c68250757b93891,c1dc35c5f5ad6ebfbd7ecfde7f9e99856d5d4cce,Directed,1281,,,3.0
f3dd22d02b2ec49fe850d2bd98fd388f0f87f036,c1dc35c5f5ad6ebfbd7ecfde7f9e99856d5d4cce,Directed,1282,,,1.0
db9a750ca4c9e74f6be6d1c5b75886e1c78013fa,c1dc35c5f5ad6ebfbd7ecfde7f9e99856d5d4cce,Directed,1283,,,2.0
a0bf49865cbb2a4a4ed4a997fe7640975b06475a,c1dc35c5f5ad6ebfbd7ecfde7f9e99856d5d4cce,Directed,1284,,,1.0
b88b0c53780eeed74dccd63a3d354604238b94d4,c1dc35c5f5ad6ebfbd7ecfde7f9e99856d5d4cce,Directed,1285,,,1.0
24fbe21616c3410807854ba522bdfac46e0ca10b,c1dc35c5f5ad6ebfbd7ecfde7f9e99856d5d4cce,Directed,1286,,,2.0
32f8e07de587fcd1cdb52ba91e2482fe6a5731dc,c1dc35c5f5ad6ebfbd7ecfde7f9e99856d5d4cce,Directed,1287,,,3.0
735654dac2548a6602dab8532e9e30cc66ce0fe5,c1dc35c5f5ad6ebfbd7ecfde7f9e99856d5d4cce,Directed,1288,,,1.0
bebefd9267c3d7876dafaba867a7647cf13cf438,c1dc35c5f5ad6ebfbd7ecfde7f9e99856d5d4cce,Directed,1289,,,2.0
26f585e4737e809a3be456bd81cea3bfb66fdf35,33f8e8cea2174fc5284f47c5940f9ecf2898cdce,Directed,1290,,,1.0
bebefd9267c3d7876dafaba867a7647cf13cf438,33f8e8cea2174fc5284f47c5940f9ecf2898cdce,Directed,1291,,,4.0
d95c214118f0937a079c6a083ba4bf3af1ca3408,33f8e8cea2174fc5284f47c5940f9ecf2898cdce,Directed,1292,,,1.0
33f8e8cea2174fc5284f47c5940f9ecf2898cdce,33f8e8cea2174fc5284f47c5940f9ecf2898cdce,Directed,1293,,,2.0
c22f1e82700d07300fb31f50cb6f79e2c959b883,52af16f77f19384ccbaa5aeed11c19041fff4f0a,Directed,1294,,,1.0
2fa3a59d9738cd958fab326ecd826872ee6c0c03,52af16f77f19384ccbaa5aeed11c19041fff4f0a,Directed,1295,,,1.0
695c463f400357d92907a0cac951b496aee206da,52af16f77f19384ccbaa5aeed11c19041fff4f0a,Directed,1296,,,2.0
f844e48dace970cd3214589a96216f3937490161,cffa8a640a4d0e45cd3ec1989854a288d03f422b,Directed,1297,,,1.0
e8439bc876901a440031775bedf928711ccdd9c3,cffa8a640a4d0e45cd3ec1989854a288d03f422b,Directed,1298,,,1.0
c6701237a75b281fb3256e6a9a160d1b4fe36e2a,cffa8a640a4d0e45cd3ec1989854a288d03f422b,Directed,1299,,,1.0
0e7ad92521ae164733767660428a6d794658f1dd,cffa8a640a4d0e45cd3ec1989854a288d03f422b,Directed,1300,,,1.0
2368fded2e6a1c7aba5921cef85b0dfe27c2e21e,cffa8a640a4d0e45cd3ec1989854a288d03f422b,Directed,1301,,,1.0
c772964f0ba3c24dd881ed2e4775a4e91b67d015,cffa8a640a4d0e45cd3ec1989854a288d03f422b,Directed,1302,,,1.0
91a51d2151b0f321aff4ae5dbfae679250b20ef9,cffa8a640a4d0e45cd3ec1989854a288d03f422b,Directed,1303,,,1.0
7780ee8055f70c124c059a361d70465824346928,cffa8a640a4d0e45cd3ec1989854a288d03f422b,Directed,1304,,,3.0
244fedbf07fef76cd4bcbaeaf6f2dffd133a5095,cffa8a640a4d0e45cd3ec1989854a288d03f422b,Directed,1305,,,2.0
363f0d3473e3c77832136375edcffbe764a4392e,cffa8a640a4d0e45cd3ec1989854a288d03f422b,Directed,1306,,,2.0
eec9da9ae002ef2b7ad27de9fa63b6abf7c44562,cffa8a640a4d0e45cd3ec1989854a288d03f422b,Directed,1307,,,1.0
2d9ee2acf3bf5fb98bf7131a81aae70a332813cd,cffa8a640a4d0e45cd3ec1989854a288d03f422b,Directed,1308,,,1.0
6c79bdb09b959cd1f4e3d7f2d22166116014c97e,cffa8a640a4d0e45cd3ec1989854a288d03f422b,Directed,1309,,,1.0
1e8e2289ab42ce388885d85c9f8056b0269f6c15,cffa8a640a4d0e45cd3ec1989854a288d03f422b,Directed,1310,,,1.0
56920e5e86120c0495437e38b16f8e772247dd78,cffa8a640a4d0e45cd3ec1989854a288d03f422b,Directed,1311,,,1.0
6e51cfeb72925fb3a38a242e883aa97555e27f5a,cffa8a640a4d0e45cd3ec1989854a288d03f422b,Directed,1312,,,1.0
1f6faaf7aaad76bb963a2783ed71b05a649c6d22,cffa8a640a4d0e45cd3ec1989854a288d03f422b,Directed,1313,,,1.0
695c463f400357d92907a0cac951b496aee206da,cffa8a640a4d0e45cd3ec1989854a288d03f422b,Directed,1314,,,1.0
8184f6af35d8bd00ce07eef3b3a14cc6984013f9,c1dc35c5f5ad6ebfbd7ecfde7f9e99856d5d4cce,Directed,1315,,,1.0
695c463f400357d92907a0cac951b496aee206da,c1dc35c5f5ad6ebfbd7ecfde7f9e99856d5d4cce,Directed,1316,,,1.0
982a9b35a4d2fd70aa6e2420dc0821569f044692,c1dc35c5f5ad6ebfbd7ecfde7f9e99856d5d4cce,Directed,1317,,,3.0
74225f87ef7f81bd35c1b77ef08ffab062e5442b,c1dc35c5f5ad6ebfbd7ecfde7f9e99856d5d4cce,Directed,1318,,,1.0
3620477a433c8ce11f3be6cdbf262fd5cb63cde5,c1dc35c5f5ad6ebfbd7ecfde7f9e99856d5d4cce,Directed,1319,,,6.0
5368fe55361d8ceea6eca2c0f9bb66df0526ee85,c1dc35c5f5ad6ebfbd7ecfde7f9e99856d5d4cce,Directed,1320,,,3.0
33f32a7c5c8c413311a6db33a5513965eab678a5,c1dc35c5f5ad6ebfbd7ecfde7f9e99856d5d4cce,Directed,1321,,,1.0
e93304b9b96b0ad1777959ff3f0a484bcb96b42d,c1dc35c5f5ad6ebfbd7ecfde7f9e99856d5d4cce,Directed,1322,,,1.0
d3569fe5624e7fa9ae485fd37b3d1a9311efcfdb,c1dc35c5f5ad6ebfbd7ecfde7f9e99856d5d4cce,Directed,1323,,,1.0
e5050d25b277eee74837ffbb2f47da0c2c9c8ef7,c1dc35c5f5ad6ebfbd7ecfde7f9e99856d5d4cce,Directed,1324,,,6.0
35d21717bc6e837f37a832c2fe7d004af2921826,c1dc35c5f5ad6ebfbd7ecfde7f9e99856d5d4cce,Directed,1325,,,1.0
0d41f0370e319f3a451748addc28392e3d91d9c9,c1dc35c5f5ad6ebfbd7ecfde7f9e99856d5d4cce,Directed,1326,,,1.0
604e3b9e1e06dc4a0b3bddbd75aa2a522cb7f252,c1dc35c5f5ad6ebfbd7ecfde7f9e99856d5d4cce,Directed,1327,,,1.0
cfdc2be39677d1e5745ef750d8ec65b84311c607,c1dc35c5f5ad6ebfbd7ecfde7f9e99856d5d4cce,Directed,1328,,,1.0
e8439bc876901a440031775bedf928711ccdd9c3,c1dc35c5f5ad6ebfbd7ecfde7f9e99856d5d4cce,Directed,1329,,,2.0
fb037ab8a36849bb4510a355ccfe8338acf18ae9,c1dc35c5f5ad6ebfbd7ecfde7f9e99856d5d4cce,Directed,1330,,,2.0
7670cdd4dd19200af872ea2ef1b99febe658bea0,922defdb7e97813b9b25c5598c96783fc5193425,Directed,1331,,,1.0
c31841967abef266a60923efffb146501a0afa52,922defdb7e97813b9b25c5598c96783fc5193425,Directed,1332,,,1.0
c22f1e82700d07300fb31f50cb6f79e2c959b883,922defdb7e97813b9b25c5598c96783fc5193425,Directed,1333,,,1.0
0e7ad92521ae164733767660428a6d794658f1dd,922defdb7e97813b9b25c5598c96783fc5193425,Directed,1334,,,1.0
0de56348eabac8396c555180372e5b482453e839,922defdb7e97813b9b25c5598c96783fc5193425,Directed,1335,,,2.0
c1dc35c5f5ad6ebfbd7ecfde7f9e99856d5d4cce,87cdb9176d71e411f32ba506dfb4790214033056,Directed,1336,,,1.0
8b2e20cef96930ab56c363d08de270382aa5b0f7,87cdb9176d71e411f32ba506dfb4790214033056,Directed,1337,,,1.0
65961ca45c88f155966c137f9d6a57aa5119ef67,87cdb9176d71e411f32ba506dfb4790214033056,Directed,1338,,,1.0
31d4f825e1e1f0c63aa611c2c8e3b14741466ad4,87cdb9176d71e411f32ba506dfb4790214033056,Directed,1339,,,1.0
26f585e4737e809a3be456bd81cea3bfb66fdf35,87cdb9176d71e411f32ba506dfb4790214033056,Directed,1340,,,2.0
7670cdd4dd19200af872ea2ef1b99febe658bea0,87cdb9176d71e411f32ba506dfb4790214033056,Directed,1341,,,1.0
3c556a91921b49d42804cd87f24e12dc2c8a73ec,87cdb9176d71e411f32ba506dfb4790214033056,Directed,1342,,,1.0
00debca7b189abe857a5574b2f7b8b1a07217f59,87cdb9176d71e411f32ba506dfb4790214033056,Directed,1343,,,1.0
45c76d08063bff8e0468e452fb526046cf39e16f,87cdb9176d71e411f32ba506dfb4790214033056,Directed,1344,,,1.0
fc1eefc21f2158940cd5a7f23eb1d6d266aee7c8,87cdb9176d71e411f32ba506dfb4790214033056,Directed,1345,,,1.0
bd5a37c720ae4b5fd6af3d7e3018fb46ecb65fe6,87cdb9176d71e411f32ba506dfb4790214033056,Directed,1346,,,1.0
244fedbf07fef76cd4bcbaeaf6f2dffd133a5095,87cdb9176d71e411f32ba506dfb4790214033056,Directed,1347,,,1.0
ae76d370819b72d1c9ff6129363af654be522c6d,87cdb9176d71e411f32ba506dfb4790214033056,Directed,1348,,,1.0
f5e7f60ae1fb336fc02746b67af459fd8099835d,87cdb9176d71e411f32ba506dfb4790214033056,Directed,1349,,,1.0
ef7b121bfb7a9ceea41b02229113d5378fb5d6f2,87cdb9176d71e411f32ba506dfb4790214033056,Directed,1350,,,1.0
5984271b746039a7ca5ba7f0eaf7bf975dd9be78,87cdb9176d71e411f32ba506dfb4790214033056,Directed,1351,,,2.0
bebefd9267c3d7876dafaba867a7647cf13cf438,87cdb9176d71e411f32ba506dfb4790214033056,Directed,1352,,,1.0
87cdb9176d71e411f32ba506dfb4790214033056,87cdb9176d71e411f32ba506dfb4790214033056,Directed,1353,,,2.0
d485602da90778fafabaf99d462e190f5d38ede8,c1dc35c5f5ad6ebfbd7ecfde7f9e99856d5d4cce,Directed,1354,,,1.0
42c10b586de365f8c51e14d79ccde7000299f816,c1dc35c5f5ad6ebfbd7ecfde7f9e99856d5d4cce,Directed,1355,,,2.0
f2e14e75c37610deaff0049d09c29c4b665bc3dd,c1dc35c5f5ad6ebfbd7ecfde7f9e99856d5d4cce,Directed,1356,,,1.0
3381307a602ea4833cc8b4a30e266c7718b617c9,c1dc35c5f5ad6ebfbd7ecfde7f9e99856d5d4cce,Directed,1357,,,1.0
e3a6c9f272859f15284504fdc5865faa8d4c04fb,c1dc35c5f5ad6ebfbd7ecfde7f9e99856d5d4cce,Directed,1358,,,1.0
d1309c6e0eb5b4f8a8b1384e8f113a84f96fdd08,c1dc35c5f5ad6ebfbd7ecfde7f9e99856d5d4cce,Directed,1359,,,2.0
6c79bdb09b959cd1f4e3d7f2d22166116014c97e,c1dc35c5f5ad6ebfbd7ecfde7f9e99856d5d4cce,Directed,1360,,,2.0
c4ca61e1eb50898749340aadd2e616cee6a95e20,c1dc35c5f5ad6ebfbd7ecfde7f9e99856d5d4cce,Directed,1361,,,1.0
0583bc99ba9a9aa62a73e8b26e99be40c88b5c47,c1dc35c5f5ad6ebfbd7ecfde7f9e99856d5d4cce,Directed,1362,,,1.0
0a3bac146659686ae953b388939c341f5cadba75,c1dc35c5f5ad6ebfbd7ecfde7f9e99856d5d4cce,Directed,1363,,,1.0
9442f800ec9ef1f5fbd2fa5429f2003d630ef802,c1dc35c5f5ad6ebfbd7ecfde7f9e99856d5d4cce,Directed,1364,,,1.0
65961ca45c88f155966c137f9d6a57aa5119ef67,c1dc35c5f5ad6ebfbd7ecfde7f9e99856d5d4cce,Directed,1365,,,1.0
a6b704859e57d83369750d4436f7418147ec544d,c1dc35c5f5ad6ebfbd7ecfde7f9e99856d5d4cce,Directed,1366,,,1.0
996e0afffda1e48ee2bbe503f53c0657b88d4993,c1dc35c5f5ad6ebfbd7ecfde7f9e99856d5d4cce,Directed,1367,,,2.0
e235379cd70fa7605805b64194c74d8afb51e6cd,c1dc35c5f5ad6ebfbd7ecfde7f9e99856d5d4cce,Directed,1368,,,3.0
2d94d705cc0442e280649dc4e1fa6c998751c274,c1dc35c5f5ad6ebfbd7ecfde7f9e99856d5d4cce,Directed,1369,,,3.0
a305fbbf0550fdace6a5e10b72541b42b430411f,c1dc35c5f5ad6ebfbd7ecfde7f9e99856d5d4cce,Directed,1370,,,2.0
92d5c87ec48e563df87707c61761537fa8c32c04,c1dc35c5f5ad6ebfbd7ecfde7f9e99856d5d4cce,Directed,1371,,,1.0
7bc6f08e106d81b56cd9ef4441abd50d69d9f891,c1dc35c5f5ad6ebfbd7ecfde7f9e99856d5d4cce,Directed,1372,,,2.0
fefac3813ca2e3f3b0edcc878b79e499e09b54d6,c1dc35c5f5ad6ebfbd7ecfde7f9e99856d5d4cce,Directed,1373,,,1.0
29f5aec3a7395f0ad0495466cc73ef2140550041,c1dc35c5f5ad6ebfbd7ecfde7f9e99856d5d4cce,Directed,1374,,,4.0
3f449a831672c49a6c9f9fb4e3d64a88b1322ce5,c1dc35c5f5ad6ebfbd7ecfde7f9e99856d5d4cce,Directed,1375,,,1.0
13ad4157558821eb5881f4ff9b035a406cc3e550,c1dc35c5f5ad6ebfbd7ecfde7f9e99856d5d4cce,Directed,1376,,,1.0
74225f87ef7f81bd35c1b77ef08ffab062e5442b,d96eab80bdc8a73e0ec7ff583ec089f716b14fe5,Directed,1377,,,1.0
922defdb7e97813b9b25c5598c96783fc5193425,d96eab80bdc8a73e0ec7ff583ec089f716b14fe5,Directed,1378,,,1.0
604e3b9e1e06dc4a0b3bddbd75aa2a522cb7f252,d96eab80bdc8a73e0ec7ff583ec089f716b14fe5,Directed,1379,,,1.0
c1dc35c5f5ad6ebfbd7ecfde7f9e99856d5d4cce,d96eab80bdc8a73e0ec7ff583ec089f716b14fe5,Directed,1380,,,1.0
c22f1e82700d07300fb31f50cb6f79e2c959b883,d96eab80bdc8a73e0ec7ff583ec089f716b14fe5,Directed,1381,,,1.0
00debca7b189abe857a5574b2f7b8b1a07217f59,d96eab80bdc8a73e0ec7ff583ec089f716b14fe5,Directed,1382,,,1.0
e4e018cea169188c7eba2d624bec201f1a312455,d96eab80bdc8a73e0ec7ff583ec089f716b14fe5,Directed,1383,,,1.0
c35d7add3b168bf6445b26a9365e0b35cbc3c0c0,d96eab80bdc8a73e0ec7ff583ec089f716b14fe5,Directed,1384,,,1.0
fc1eefc21f2158940cd5a7f23eb1d6d266aee7c8,d96eab80bdc8a73e0ec7ff583ec089f716b14fe5,Directed,1385,,,1.0
604e3b9e1e06dc4a0b3bddbd75aa2a522cb7f252,c31841967abef266a60923efffb146501a0afa52,Directed,1386,,,1.0
afd556b683603310eff6be9a50ab03d65c0421be,c31841967abef266a60923efffb146501a0afa52,Directed,1387,,,1.0
8b2e20cef96930ab56c363d08de270382aa5b0f7,c31841967abef266a60923efffb146501a0afa52,Directed,1388,,,1.0
55c9db43fbb39baf17c272e24fc68af7750d2d4d,c31841967abef266a60923efffb146501a0afa52,Directed,1389,,,1.0
e235379cd70fa7605805b64194c74d8afb51e6cd,c31841967abef266a60923efffb146501a0afa52,Directed,1390,,,1.0
611ef5383306bd676fbd6870dd90ef304c4142c5,c31841967abef266a60923efffb146501a0afa52,Directed,1391,,,1.0
90c923eef8ecad361b6da43a2244b356f5e601b2,c31841967abef266a60923efffb146501a0afa52,Directed,1392,,,1.0
fccac947d239f946174c9e7b46989466c1da02a4,c31841967abef266a60923efffb146501a0afa52,Directed,1393,,,1.0
59cde86790a9eef228d95bfbf66681f9cab394fe,c1dc35c5f5ad6ebfbd7ecfde7f9e99856d5d4cce,Directed,1394,,,1.0
c31841967abef266a60923efffb146501a0afa52,c1dc35c5f5ad6ebfbd7ecfde7f9e99856d5d4cce,Directed,1395,,,6.0
286a0788423573bfb53edb7ffd828e3e601f3985,c1dc35c5f5ad6ebfbd7ecfde7f9e99856d5d4cce,Directed,1396,,,1.0
55c9db43fbb39baf17c272e24fc68af7750d2d4d,c1dc35c5f5ad6ebfbd7ecfde7f9e99856d5d4cce,Directed,1397,,,2.0
1cf46794afdfbb103f8d567778b0eec912b5ef4b,c1dc35c5f5ad6ebfbd7ecfde7f9e99856d5d4cce,Directed,1398,,,4.0
c1dc35c5f5ad6ebfbd7ecfde7f9e99856d5d4cce,c1dc35c5f5ad6ebfbd7ecfde7f9e99856d5d4cce,Directed,1399,,,1.0
078a35f88e43e078f9bf38caef4252b2f14ed8f3,e8439bc876901a440031775bedf928711ccdd9c3,Directed,1400,,,1.0
bebefd9267c3d7876dafaba867a7647cf13cf438,e8439bc876901a440031775bedf928711ccdd9c3,Directed,1401,,,1.0
d7c14cc6e23876dddb0c2a56fccebafb5dca03f4,e8439bc876901a440031775bedf928711ccdd9c3,Directed,1402,,,1.0
2818129054b1fe4cfefe2a631fd0f0efa9125fa6,e8439bc876901a440031775bedf928711ccdd9c3,Directed,1403,,,1.0
7cf9faf31822f30ece854f676addb2b4e77f125c,e8439bc876901a440031775bedf928711ccdd9c3,Directed,1404,,,1.0
982a9b35a4d2fd70aa6e2420dc0821569f044692,e8439bc876901a440031775bedf928711ccdd9c3,Directed,1405,,,1.0
c31841967abef266a60923efffb146501a0afa52,e8439bc876901a440031775bedf928711ccdd9c3,Directed,1406,,,1.0
3620477a433c8ce11f3be6cdbf262fd5cb63cde5,e8439bc876901a440031775bedf928711ccdd9c3,Directed,1407,,,2.0
a6b704859e57d83369750d4436f7418147ec544d,e8439bc876901a440031775bedf928711ccdd9c3,Directed,1408,,,1.0
4990647d70bb5b52afc8fc5b528df0e7882fb674,e8439bc876901a440031775bedf928711ccdd9c3,Directed,1409,,,1.0
1d111ee8e9962a15d419ca989287fc263ac14123,e8439bc876901a440031775bedf928711ccdd9c3,Directed,1410,,,1.0
74225f87ef7f81bd35c1b77ef08ffab062e5442b,e8439bc876901a440031775bedf928711ccdd9c3,Directed,1411,,,1.0
26f585e4737e809a3be456bd81cea3bfb66fdf35,e8439bc876901a440031775bedf928711ccdd9c3,Directed,1412,,,1.0
f5e7f60ae1fb336fc02746b67af459fd8099835d,e8439bc876901a440031775bedf928711ccdd9c3,Directed,1413,,,1.0
65961ca45c88f155966c137f9d6a57aa5119ef67,e8439bc876901a440031775bedf928711ccdd9c3,Directed,1414,,,1.0
29f5aec3a7395f0ad0495466cc73ef2140550041,e8439bc876901a440031775bedf928711ccdd9c3,Directed,1415,,,1.0
1d2816b5ad526a8e0b7697e47d4cbc1fe27f9f47,e8439bc876901a440031775bedf928711ccdd9c3,Directed,1416,,,1.0
604e3b9e1e06dc4a0b3bddbd75aa2a522cb7f252,e8439bc876901a440031775bedf928711ccdd9c3,Directed,1417,,,1.0
3591aafae290bbbce6fc0e4c22d4f33ea7de2ee6,e8439bc876901a440031775bedf928711ccdd9c3,Directed,1418,,,1.0
2d94d705cc0442e280649dc4e1fa6c998751c274,e8439bc876901a440031775bedf928711ccdd9c3,Directed,1419,,,1.0
5c26aaab6ce5258efb7e31f3f74116002052b97d,e8439bc876901a440031775bedf928711ccdd9c3,Directed,1420,,,1.0
f716814eace28cfed995978d52aac4f7be639a72,e8439bc876901a440031775bedf928711ccdd9c3,Directed,1421,,,1.0
a2224c49ca419c8a5af0f1014fb905a44b0a3f86,e8439bc876901a440031775bedf928711ccdd9c3,Directed,1422,,,1.0
6c79bdb09b959cd1f4e3d7f2d22166116014c97e,e8439bc876901a440031775bedf928711ccdd9c3,Directed,1423,,,1.0
7670cdd4dd19200af872ea2ef1b99febe658bea0,e8439bc876901a440031775bedf928711ccdd9c3,Directed,1424,,,1.0
bec9d48e6d26ff79c7a527d6719b9a2e3649a04f,e8439bc876901a440031775bedf928711ccdd9c3,Directed,1425,,,1.0
4c168f52b3d126d26cafe7010443a23ff4e3c41a,e8439bc876901a440031775bedf928711ccdd9c3,Directed,1426,,,1.0
4e267def6707b488d38971e9f4297e74931d06b9,e8439bc876901a440031775bedf928711ccdd9c3,Directed,1427,,,1.0
e235379cd70fa7605805b64194c74d8afb51e6cd,e8439bc876901a440031775bedf928711ccdd9c3,Directed,1428,,,1.0
bcfc985260a228b9e7e48bea278bacb13e5e8bb7,e8439bc876901a440031775bedf928711ccdd9c3,Directed,1429,,,1.0
8b2e20cef96930ab56c363d08de270382aa5b0f7,00debca7b189abe857a5574b2f7b8b1a07217f59,Directed,1430,,,1.0
7cf9faf31822f30ece854f676addb2b4e77f125c,00debca7b189abe857a5574b2f7b8b1a07217f59,Directed,1431,,,1.0
a54abb183da2f96df0bd2a6fc8d90aac81b4b6e4,00debca7b189abe857a5574b2f7b8b1a07217f59,Directed,1432,,,1.0
078a35f88e43e078f9bf38caef4252b2f14ed8f3,00debca7b189abe857a5574b2f7b8b1a07217f59,Directed,1433,,,1.0
87cdb9176d71e411f32ba506dfb4790214033056,00debca7b189abe857a5574b2f7b8b1a07217f59,Directed,1434,,,1.0
0b580b96c85eeadf0371f08af9a5efa61a4d8a67,00debca7b189abe857a5574b2f7b8b1a07217f59,Directed,1435,,,1.0
b91e3fe3055d0adb2b2b7c29a855122ea5f7cd46,00debca7b189abe857a5574b2f7b8b1a07217f59,Directed,1436,,,1.0
363f0d3473e3c77832136375edcffbe764a4392e,00debca7b189abe857a5574b2f7b8b1a07217f59,Directed,1437,,,1.0
15d35affe71c225ad375c067350eb87a711eefc7,00debca7b189abe857a5574b2f7b8b1a07217f59,Directed,1438,,,1.0
92e1239f365e0e3329f38632bb9a5a558aebfcca,00debca7b189abe857a5574b2f7b8b1a07217f59,Directed,1439,,,1.0
c1dc35c5f5ad6ebfbd7ecfde7f9e99856d5d4cce,00debca7b189abe857a5574b2f7b8b1a07217f59,Directed,1440,,,1.0
16c1fd33fe045f49af8daa44c314ec57f30f4ee9,00debca7b189abe857a5574b2f7b8b1a07217f59,Directed,1441,,,1.0
7bc6f08e106d81b56cd9ef4441abd50d69d9f891,00debca7b189abe857a5574b2f7b8b1a07217f59,Directed,1442,,,1.0
f5e7f60ae1fb336fc02746b67af459fd8099835d,00debca7b189abe857a5574b2f7b8b1a07217f59,Directed,1443,,,1.0
26f585e4737e809a3be456bd81cea3bfb66fdf35,c1dc35c5f5ad6ebfbd7ecfde7f9e99856d5d4cce,Directed,1444,,,1.0
7bb8ab4505e3ec105076ce8e7833d959884514c9,c1dc35c5f5ad6ebfbd7ecfde7f9e99856d5d4cce,Directed,1445,,,1.0
c64d6c70a6aad390fe9b5831cdfe6a000238b052,c1dc35c5f5ad6ebfbd7ecfde7f9e99856d5d4cce,Directed,1446,,,1.0
acca6eae12d8a6a1a07094c22643266484bb7ba7,c1dc35c5f5ad6ebfbd7ecfde7f9e99856d5d4cce,Directed,1447,,,1.0
4c168f52b3d126d26cafe7010443a23ff4e3c41a,c1dc35c5f5ad6ebfbd7ecfde7f9e99856d5d4cce,Directed,1448,,,1.0
ca4d268a7d362c3166618976229af2b725b68579,c1dc35c5f5ad6ebfbd7ecfde7f9e99856d5d4cce,Directed,1449,,,1.0
57dd0a7190e80c312aa1647de7f5dc3a43992bc4,c1dc35c5f5ad6ebfbd7ecfde7f9e99856d5d4cce,Directed,1450,,,1.0
0f9b2bcf03c3943cf3456cf14505ead07cc55279,c1dc35c5f5ad6ebfbd7ecfde7f9e99856d5d4cce,Directed,1451,,,1.0
3c32ecf061da9901f0305024d0d7604e30ec5586,c1dc35c5f5ad6ebfbd7ecfde7f9e99856d5d4cce,Directed,1452,,,1.0
fc1eefc21f2158940cd5a7f23eb1d6d266aee7c8,c1dc35c5f5ad6ebfbd7ecfde7f9e99856d5d4cce,Directed,1453,,,1.0
ef7b121bfb7a9ceea41b02229113d5378fb5d6f2,c1dc35c5f5ad6ebfbd7ecfde7f9e99856d5d4cce,Directed,1454,,,1.0
107435291640fdeffd360f67564ba7908173ff50,c1dc35c5f5ad6ebfbd7ecfde7f9e99856d5d4cce,Directed,1455,,,1.0
f2755111fdbe71cafec227e401cd9f5ac7a7a140,c1dc35c5f5ad6ebfbd7ecfde7f9e99856d5d4cce,Directed,1456,,,1.0
1bd2df4f636652cbb488c3ed3258f501b20d5f76,c1dc35c5f5ad6ebfbd7ecfde7f9e99856d5d4cce,Directed,1457,,,1.0
1d2816b5ad526a8e0b7697e47d4cbc1fe27f9f47,c1dc35c5f5ad6ebfbd7ecfde7f9e99856d5d4cce,Directed,1458,,,1.0
db93625873af220da5ceae6e262305790e453e7b,c1dc35c5f5ad6ebfbd7ecfde7f9e99856d5d4cce,Directed,1459,,,1.0
ab34dbddc98ace70ab71847db86d34194771c5d3,c1dc35c5f5ad6ebfbd7ecfde7f9e99856d5d4cce,Directed,1460,,,1.0
c7307f699ac7638b02c80833e0ab548891f4ff17,c1dc35c5f5ad6ebfbd7ecfde7f9e99856d5d4cce,Directed,1461,,,1.0
f5e7f60ae1fb336fc02746b67af459fd8099835d,c1dc35c5f5ad6ebfbd7ecfde7f9e99856d5d4cce,Directed,1462,,,1.0
029d0c90f065bc1632a8caf7b3d901daa4826b92,f01fff6f73e5381a576234c24df52c84c97cd52f,Directed,1463,,,1.0
15d35affe71c225ad375c067350eb87a711eefc7,f01fff6f73e5381a576234c24df52c84c97cd52f,Directed,1464,,,1.0
c1dc35c5f5ad6ebfbd7ecfde7f9e99856d5d4cce,f01fff6f73e5381a576234c24df52c84c97cd52f,Directed,1465,,,2.0
a2d580940b5047747100959b8da185a0e1d2f844,f01fff6f73e5381a576234c24df52c84c97cd52f,Directed,1466,,,2.0
6af66dfcc3c7bbbe7a8d19aa5ef99ec0e8dc309c,f01fff6f73e5381a576234c24df52c84c97cd52f,Directed,1467,,,1.0
7c6c9d3df830551b50f33a75432ff9938b3d080f,f01fff6f73e5381a576234c24df52c84c97cd52f,Directed,1468,,,1.0
46ec0aad6c82d0dde9acad33b918a102833d5466,f01fff6f73e5381a576234c24df52c84c97cd52f,Directed,1469,,,1.0
64cd0596123444321464529dd35a3b0af6e982f1,f01fff6f73e5381a576234c24df52c84c97cd52f,Directed,1470,,,1.0
d3d744dff5af4b754ee06ae8addc4f0eb459dca0,f01fff6f73e5381a576234c24df52c84c97cd52f,Directed,1471,,,2.0
bcfc985260a228b9e7e48bea278bacb13e5e8bb7,f01fff6f73e5381a576234c24df52c84c97cd52f,Directed,1472,,,1.0
0e7ad92521ae164733767660428a6d794658f1dd,f01fff6f73e5381a576234c24df52c84c97cd52f,Directed,1473,,,1.0
e93304b9b96b0ad1777959ff3f0a484bcb96b42d,f01fff6f73e5381a576234c24df52c84c97cd52f,Directed,1474,,,1.0
87cdb9176d71e411f32ba506dfb4790214033056,f01fff6f73e5381a576234c24df52c84c97cd52f,Directed,1475,,,2.0
0b580b96c85eeadf0371f08af9a5efa61a4d8a67,f01fff6f73e5381a576234c24df52c84c97cd52f,Directed,1476,,,2.0
f5e7f60ae1fb336fc02746b67af459fd8099835d,f01fff6f73e5381a576234c24df52c84c97cd52f,Directed,1477,,,1.0
7fbba4f1732f8d00e837bed436c3f50da1690623,f01fff6f73e5381a576234c24df52c84c97cd52f,Directed,1478,,,2.0
74225f87ef7f81bd35c1b77ef08ffab062e5442b,f01fff6f73e5381a576234c24df52c84c97cd52f,Directed,1479,,,1.0
cffa8a640a4d0e45cd3ec1989854a288d03f422b,f01fff6f73e5381a576234c24df52c84c97cd52f,Directed,1480,,,2.0
4e267def6707b488d38971e9f4297e74931d06b9,f01fff6f73e5381a576234c24df52c84c97cd52f,Directed,1481,,,1.0
a2224c49ca419c8a5af0f1014fb905a44b0a3f86,f01fff6f73e5381a576234c24df52c84c97cd52f,Directed,1482,,,2.0
2fa3a59d9738cd958fab326ecd826872ee6c0c03,f01fff6f73e5381a576234c24df52c84c97cd52f,Directed,1483,,,3.0
2d4e995d371af72fc113607ac7a84aa17439a066,f01fff6f73e5381a576234c24df52c84c97cd52f,Directed,1484,,,1.0
d46b028eb31d63205f390f30ee5e86fb0ad70653,f01fff6f73e5381a576234c24df52c84c97cd52f,Directed,1485,,,1.0
76eff0a5d16c1d1bfe42710c048954c7d214c684,f01fff6f73e5381a576234c24df52c84c97cd52f,Directed,1486,,,1.0
6c79bdb09b959cd1f4e3d7f2d22166116014c97e,f01fff6f73e5381a576234c24df52c84c97cd52f,Directed,1487,,,2.0
078a35f88e43e078f9bf38caef4252b2f14ed8f3,f01fff6f73e5381a576234c24df52c84c97cd52f,Directed,1488,,,1.0
c22f1e82700d07300fb31f50cb6f79e2c959b883,f01fff6f73e5381a576234c24df52c84c97cd52f,Directed,1489,,,2.0
c31841967abef266a60923efffb146501a0afa52,f01fff6f73e5381a576234c24df52c84c97cd52f,Directed,1490,,,1.0
59e503631edb5350ea69a5b3bbb887f28e818522,f01fff6f73e5381a576234c24df52c84c97cd52f,Directed,1491,,,3.0
464d2399fb0a61bb5cec8796a70698f39684f51c,f01fff6f73e5381a576234c24df52c84c97cd52f,Directed,1492,,,1.0
1cf46794afdfbb103f8d567778b0eec912b5ef4b,f01fff6f73e5381a576234c24df52c84c97cd52f,Directed,1493,,,1.0
4c168f52b3d126d26cafe7010443a23ff4e3c41a,f01fff6f73e5381a576234c24df52c84c97cd52f,Directed,1494,,,2.0
7fe5691f93921591a9114e771e5778409b1e387e,f01fff6f73e5381a576234c24df52c84c97cd52f,Directed,1495,,,2.0
d3569fe5624e7fa9ae485fd37b3d1a9311efcfdb,cffa8a640a4d0e45cd3ec1989854a288d03f422b,Directed,1496,,,1.0
9664c4c8ed1add2d6e9cf625eff264ff4fb6c693,cffa8a640a4d0e45cd3ec1989854a288d03f422b,Directed,1497,,,1.0
46ec0aad6c82d0dde9acad33b918a102833d5466,cffa8a640a4d0e45cd3ec1989854a288d03f422b,Directed,1498,,,1.0
7fbba4f1732f8d00e837bed436c3f50da1690623,cffa8a640a4d0e45cd3ec1989854a288d03f422b,Directed,1499,,,1.0
bcfc985260a228b9e7e48bea278bacb13e5e8bb7,cffa8a640a4d0e45cd3ec1989854a288d03f422b,Directed,1500,,,5.0
f01fff6f73e5381a576234c24df52c84c97cd52f,cffa8a640a4d0e45cd3ec1989854a288d03f422b,Directed,1501,,,2.0
4831b6ef3370e26fd02820b3da6b376368ef03cb,cffa8a640a4d0e45cd3ec1989854a288d03f422b,Directed,1502,,,1.0
4e267def6707b488d38971e9f4297e74931d06b9,cffa8a640a4d0e45cd3ec1989854a288d03f422b,Directed,1503,,,1.0
c1dc35c5f5ad6ebfbd7ecfde7f9e99856d5d4cce,cffa8a640a4d0e45cd3ec1989854a288d03f422b,Directed,1504,,,5.0
4c168f52b3d126d26cafe7010443a23ff4e3c41a,cffa8a640a4d0e45cd3ec1989854a288d03f422b,Directed,1505,,,1.0
cffa8a640a4d0e45cd3ec1989854a288d03f422b,cffa8a640a4d0e45cd3ec1989854a288d03f422b,Directed,1506,,,6.0
bfbb6d19dd66615e4ec4e6d210c9506b091c9b59,cffa8a640a4d0e45cd3ec1989854a288d03f422b,Directed,1507,,,1.0
9664c4c8ed1add2d6e9cf625eff264ff4fb6c693,f01fff6f73e5381a576234c24df52c84c97cd52f,Directed,1508,,,1.0
bfbb6d19dd66615e4ec4e6d210c9506b091c9b59,f01fff6f73e5381a576234c24df52c84c97cd52f,Directed,1509,,,2.0
604e3b9e1e06dc4a0b3bddbd75aa2a522cb7f252,f01fff6f73e5381a576234c24df52c84c97cd52f,Directed,1510,,,1.0
a8b9e5adc923ab98b65ea44dfd6e8e781a522068,f01fff6f73e5381a576234c24df52c84c97cd52f,Directed,1511,,,1.0
817af2535e7a55d46212c772e0b6a7ccf7cf540d,f01fff6f73e5381a576234c24df52c84c97cd52f,Directed,1512,,,1.0
1f6faaf7aaad76bb963a2783ed71b05a649c6d22,f01fff6f73e5381a576234c24df52c84c97cd52f,Directed,1513,,,1.0
03054271c591c691008e1e46b8fa26bb497e3d23,f01fff6f73e5381a576234c24df52c84c97cd52f,Directed,1514,,,1.0
5e43d5411a948ce4327960ae6843b17892139150,f01fff6f73e5381a576234c24df52c84c97cd52f,Directed,1515,,,1.0
922defdb7e97813b9b25c5598c96783fc5193425,f01fff6f73e5381a576234c24df52c84c97cd52f,Directed,1516,,,1.0
c8e78389a00d472d1097b42ad392bfed976bba9c,f01fff6f73e5381a576234c24df52c84c97cd52f,Directed,1517,,,1.0
a1798bd3cc8f8be2d203395444a7242573753f44,f01fff6f73e5381a576234c24df52c84c97cd52f,Directed,1518,,,1.0
7cf9faf31822f30ece854f676addb2b4e77f125c,f01fff6f73e5381a576234c24df52c84c97cd52f,Directed,1519,,,1.0
d1309c6e0eb5b4f8a8b1384e8f113a84f96fdd08,c31841967abef266a60923efffb146501a0afa52,Directed,1520,,,1.0
375ccea25a1c287a704ded0f1fb22e5053ecbc00,c31841967abef266a60923efffb146501a0afa52,Directed,1521,,,1.0
773b6065a138c0a980c371d40c9633e8e9a2632f,cffa8a640a4d0e45cd3ec1989854a288d03f422b,Directed,1522,,,1.0
1d2816b5ad526a8e0b7697e47d4cbc1fe27f9f47,cffa8a640a4d0e45cd3ec1989854a288d03f422b,Directed,1523,,,1.0
6b3d820defc640a0e5d5950515052cc798205016,cffa8a640a4d0e45cd3ec1989854a288d03f422b,Directed,1524,,,1.0
078a35f88e43e078f9bf38caef4252b2f14ed8f3,cffa8a640a4d0e45cd3ec1989854a288d03f422b,Directed,1525,,,1.0
87cdb9176d71e411f32ba506dfb4790214033056,cffa8a640a4d0e45cd3ec1989854a288d03f422b,Directed,1526,,,1.0
c22f1e82700d07300fb31f50cb6f79e2c959b883,cffa8a640a4d0e45cd3ec1989854a288d03f422b,Directed,1527,,,1.0
7f8d6ddb6c67a7ab64205ede43c66a9009dfa05c,cffa8a640a4d0e45cd3ec1989854a288d03f422b,Directed,1528,,,1.0
8ee2e055517d0392b9b60959bcf26aadf985055e,cffa8a640a4d0e45cd3ec1989854a288d03f422b,Directed,1529,,,1.0
eef2efaf2c44840f8503016c133814211ee6e196,cffa8a640a4d0e45cd3ec1989854a288d03f422b,Directed,1530,,,1.0
8b2e20cef96930ab56c363d08de270382aa5b0f7,cffa8a640a4d0e45cd3ec1989854a288d03f422b,Directed,1531,,,1.0
d370078fa6fe846b8a04dee63cbece1a2698a99e,922defdb7e97813b9b25c5598c96783fc5193425,Directed,1532,,,1.0
b4db3a3dda580c0ebd2a34389c9d5f4805bd6bc1,922defdb7e97813b9b25c5598c96783fc5193425,Directed,1533,,,1.0
31d4f825e1e1f0c63aa611c2c8e3b14741466ad4,922defdb7e97813b9b25c5598c96783fc5193425,Directed,1534,,,1.0
87cdb9176d71e411f32ba506dfb4790214033056,922defdb7e97813b9b25c5598c96783fc5193425,Directed,1535,,,1.0
375ccea25a1c287a704ded0f1fb22e5053ecbc00,922defdb7e97813b9b25c5598c96783fc5193425,Directed,1536,,,1.0
8b2e20cef96930ab56c363d08de270382aa5b0f7,922defdb7e97813b9b25c5598c96783fc5193425,Directed,1537,,,1.0
9eb0461e5eccdea0348a0ef130812d245507eda5,922defdb7e97813b9b25c5598c96783fc5193425,Directed,1538,,,1.0
b0d489884bff9a7ca96a1d7b3dd2d6b8b83085d4,922defdb7e97813b9b25c5598c96783fc5193425,Directed,1539,,,1.0
15d35affe71c225ad375c067350eb87a711eefc7,2fa3a59d9738cd958fab326ecd826872ee6c0c03,Directed,1540,,,1.0
e8439bc876901a440031775bedf928711ccdd9c3,fccac947d239f946174c9e7b46989466c1da02a4,Directed,1541,,,3.0
0bc255ca02d44a37cd80805e6c09a9b4c5d3e319,fccac947d239f946174c9e7b46989466c1da02a4,Directed,1542,,,1.0
15d35affe71c225ad375c067350eb87a711eefc7,fccac947d239f946174c9e7b46989466c1da02a4,Directed,1543,,,1.0
c1dc35c5f5ad6ebfbd7ecfde7f9e99856d5d4cce,fccac947d239f946174c9e7b46989466c1da02a4,Directed,1544,,,2.0
bcfc985260a228b9e7e48bea278bacb13e5e8bb7,fccac947d239f946174c9e7b46989466c1da02a4,Directed,1545,,,1.0
fa11f8b29c7f50eeeba7afa0a926ce604c382f3b,fccac947d239f946174c9e7b46989466c1da02a4,Directed,1546,,,1.0
244fedbf07fef76cd4bcbaeaf6f2dffd133a5095,fccac947d239f946174c9e7b46989466c1da02a4,Directed,1547,,,1.0
00debca7b189abe857a5574b2f7b8b1a07217f59,fccac947d239f946174c9e7b46989466c1da02a4,Directed,1548,,,1.0
ab34dbddc98ace70ab71847db86d34194771c5d3,d46b028eb31d63205f390f30ee5e86fb0ad70653,Directed,1549,,,1.0
15d35affe71c225ad375c067350eb87a711eefc7,d46b028eb31d63205f390f30ee5e86fb0ad70653,Directed,1550,,,1.0
f2755111fdbe71cafec227e401cd9f5ac7a7a140,d46b028eb31d63205f390f30ee5e86fb0ad70653,Directed,1551,,,1.0
1e8e2289ab42ce388885d85c9f8056b0269f6c15,d46b028eb31d63205f390f30ee5e86fb0ad70653,Directed,1552,,,1.0
e5050d25b277eee74837ffbb2f47da0c2c9c8ef7,d46b028eb31d63205f390f30ee5e86fb0ad70653,Directed,1553,,,1.0
fccac947d239f946174c9e7b46989466c1da02a4,d46b028eb31d63205f390f30ee5e86fb0ad70653,Directed,1554,,,1.0
d3569fe5624e7fa9ae485fd37b3d1a9311efcfdb,d46b028eb31d63205f390f30ee5e86fb0ad70653,Directed,1555,,,1.0
fa11f8b29c7f50eeeba7afa0a926ce604c382f3b,d46b028eb31d63205f390f30ee5e86fb0ad70653,Directed,1556,,,1.0
4990647d70bb5b52afc8fc5b528df0e7882fb674,4e267def6707b488d38971e9f4297e74931d06b9,Directed,1557,,,1.0
eec9da9ae002ef2b7ad27de9fa63b6abf7c44562,4e267def6707b488d38971e9f4297e74931d06b9,Directed,1558,,,1.0
f844e48dace970cd3214589a96216f3937490161,4e267def6707b488d38971e9f4297e74931d06b9,Directed,1559,,,1.0
7cf9faf31822f30ece854f676addb2b4e77f125c,4e267def6707b488d38971e9f4297e74931d06b9,Directed,1560,,,1.0
b849786c06adb071bbe8ea451f30863237991075,4e267def6707b488d38971e9f4297e74931d06b9,Directed,1561,,,1.0
e5050d25b277eee74837ffbb2f47da0c2c9c8ef7,4e267def6707b488d38971e9f4297e74931d06b9,Directed,1562,,,1.0
e235379cd70fa7605805b64194c74d8afb51e6cd,4e267def6707b488d38971e9f4297e74931d06b9,Directed,1563,,,1.0
81fe13665016c5381de913ba5a421f2eb231f701,4e267def6707b488d38971e9f4297e74931d06b9,Directed,1564,,,1.0
32e62b1e3c0856b35b1718fb3ae6e173f7994e56,4e267def6707b488d38971e9f4297e74931d06b9,Directed,1565,,,2.0
55254a2cf3d5dd85a23d593ff08897ec86176b4c,4e267def6707b488d38971e9f4297e74931d06b9,Directed,1566,,,1.0
8b53eba354c5427070671c536b6329152b6db865,4e267def6707b488d38971e9f4297e74931d06b9,Directed,1567,,,1.0
b4ece770618142cfc458df64797145daac9b92e4,4e267def6707b488d38971e9f4297e74931d06b9,Directed,1568,,,1.0
74abb16437a1b01de39e78d207a4b3143a97954a,4e267def6707b488d38971e9f4297e74931d06b9,Directed,1569,,,1.0
09d7d3defb3bd6cc23c6b58322842728785770ee,4e267def6707b488d38971e9f4297e74931d06b9,Directed,1570,,,1.0
db9a750ca4c9e74f6be6d1c5b75886e1c78013fa,4e267def6707b488d38971e9f4297e74931d06b9,Directed,1571,,,1.0
00bee5be3e372d552041ba95b37a1750579ea706,4e267def6707b488d38971e9f4297e74931d06b9,Directed,1572,,,1.0
ab34dbddc98ace70ab71847db86d34194771c5d3,4e267def6707b488d38971e9f4297e74931d06b9,Directed,1573,,,1.0
87cdb9176d71e411f32ba506dfb4790214033056,4e267def6707b488d38971e9f4297e74931d06b9,Directed,1574,,,1.0
7b13763cbd5b980bf7ed5ac0ebabcef7f87c4064,4e267def6707b488d38971e9f4297e74931d06b9,Directed,1575,,,1.0
c8e78389a00d472d1097b42ad392bfed976bba9c,4e267def6707b488d38971e9f4297e74931d06b9,Directed,1576,,,1.0
6dcab9b164386b68d9b6d9e614239748ca48e920,4e267def6707b488d38971e9f4297e74931d06b9,Directed,1577,,,1.0
8643a2037b5690124ed2d453696e52066036fac4,4e267def6707b488d38971e9f4297e74931d06b9,Directed,1578,,,1.0
d508d71ddd1003d8fe8764d49438c9f9143ae288,4e267def6707b488d38971e9f4297e74931d06b9,Directed,1579,,,1.0
7f8d6ddb6c67a7ab64205ede43c66a9009dfa05c,4e267def6707b488d38971e9f4297e74931d06b9,Directed,1580,,,1.0
bf7850404cd68e6579541e0ad8c34281af741d7e,4e267def6707b488d38971e9f4297e74931d06b9,Directed,1581,,,1.0
db93625873af220da5ceae6e262305790e453e7b,4e267def6707b488d38971e9f4297e74931d06b9,Directed,1582,,,1.0
26ce5b0756e989eeea847277de47e526d26aeaab,4e267def6707b488d38971e9f4297e74931d06b9,Directed,1583,,,1.0
7c6c9d3df830551b50f33a75432ff9938b3d080f,4e267def6707b488d38971e9f4297e74931d06b9,Directed,1584,,,1.0
03054271c591c691008e1e46b8fa26bb497e3d23,4e267def6707b488d38971e9f4297e74931d06b9,Directed,1585,,,1.0
ca8ec576f480960a10b0d26846c122413dec8441,4e267def6707b488d38971e9f4297e74931d06b9,Directed,1586,,,1.0
2d14e004774b901cc7a00829e90430289924620f,4e267def6707b488d38971e9f4297e74931d06b9,Directed,1587,,,1.0
a54abb183da2f96df0bd2a6fc8d90aac81b4b6e4,4e267def6707b488d38971e9f4297e74931d06b9,Directed,1588,,,1.0
2e255dee4da7d72a7536adc8d868e25fe625c078,4e267def6707b488d38971e9f4297e74931d06b9,Directed,1589,,,1.0
029d0c90f065bc1632a8caf7b3d901daa4826b92,4e267def6707b488d38971e9f4297e74931d06b9,Directed,1590,,,1.0
0e488330332915b02016c5967d7197c3709c5838,4e267def6707b488d38971e9f4297e74931d06b9,Directed,1591,,,1.0
bb079469243dd5766658ca45067c01a88380e5c7,4e267def6707b488d38971e9f4297e74931d06b9,Directed,1592,,,1.0
d46b028eb31d63205f390f30ee5e86fb0ad70653,4e267def6707b488d38971e9f4297e74931d06b9,Directed,1593,,,1.0
8ee2e055517d0392b9b60959bcf26aadf985055e,4e267def6707b488d38971e9f4297e74931d06b9,Directed,1594,,,1.0
5fb970db412b51c93d7a150b07739cfc836ad7ac,4e267def6707b488d38971e9f4297e74931d06b9,Directed,1595,,,1.0
d1309c6e0eb5b4f8a8b1384e8f113a84f96fdd08,4e267def6707b488d38971e9f4297e74931d06b9,Directed,1596,,,1.0
6e51cfeb72925fb3a38a242e883aa97555e27f5a,4e267def6707b488d38971e9f4297e74931d06b9,Directed,1597,,,1.0
a49b73283d0abd9fe190a685320fee66afc000db,4e267def6707b488d38971e9f4297e74931d06b9,Directed,1598,,,1.0
fb037ab8a36849bb4510a355ccfe8338acf18ae9,4e267def6707b488d38971e9f4297e74931d06b9,Directed,1599,,,1.0
f1a677925401f28d26c8d06f8b43f3c15b519b6f,4e267def6707b488d38971e9f4297e74931d06b9,Directed,1600,,,1.0
7bc6f08e106d81b56cd9ef4441abd50d69d9f891,4e267def6707b488d38971e9f4297e74931d06b9,Directed,1601,,,1.0
1d2816b5ad526a8e0b7697e47d4cbc1fe27f9f47,4e267def6707b488d38971e9f4297e74931d06b9,Directed,1602,,,1.0
a797417ef6bea9cd27ecb5a2fc4bc78c231c0cef,4e267def6707b488d38971e9f4297e74931d06b9,Directed,1603,,,1.0
71c9d478e19cc7dec475f2496018fc76a40be0b0,4e267def6707b488d38971e9f4297e74931d06b9,Directed,1604,,,1.0
8b2e20cef96930ab56c363d08de270382aa5b0f7,4e267def6707b488d38971e9f4297e74931d06b9,Directed,1605,,,1.0
1cf46794afdfbb103f8d567778b0eec912b5ef4b,4e267def6707b488d38971e9f4297e74931d06b9,Directed,1606,,,2.0
0cfd409e386986df7e4f35d9a1678fb8c57b0061,4e267def6707b488d38971e9f4297e74931d06b9,Directed,1607,,,1.0
ef71ef1807a663375992c26b35df97d75e007f68,4e267def6707b488d38971e9f4297e74931d06b9,Directed,1608,,,1.0
b927392ef55f01b386c3afc8d1669619272014d6,4e267def6707b488d38971e9f4297e74931d06b9,Directed,1609,,,1.0
6f697dade29e528f13588cae5f0f27d6cbef2740,4e267def6707b488d38971e9f4297e74931d06b9,Directed,1610,,,1.0
bc03fb25fc34e10aef26739d39584b6256c5d5b4,4e267def6707b488d38971e9f4297e74931d06b9,Directed,1611,,,1.0
0b580b96c85eeadf0371f08af9a5efa61a4d8a67,4e267def6707b488d38971e9f4297e74931d06b9,Directed,1612,,,1.0
c31841967abef266a60923efffb146501a0afa52,4e267def6707b488d38971e9f4297e74931d06b9,Directed,1613,,,1.0
add3536b9d429dd5e2c4e2320e56ef4589e8edc2,4e267def6707b488d38971e9f4297e74931d06b9,Directed,1614,,,1.0
bfbb6d19dd66615e4ec4e6d210c9506b091c9b59,4e267def6707b488d38971e9f4297e74931d06b9,Directed,1615,,,1.0
2d4e995d371af72fc113607ac7a84aa17439a066,4e267def6707b488d38971e9f4297e74931d06b9,Directed,1616,,,1.0
fa11f8b29c7f50eeeba7afa0a926ce604c382f3b,4e267def6707b488d38971e9f4297e74931d06b9,Directed,1617,,,1.0
068106d939d80de6fced2d8aad3239f585ad28aa,4e267def6707b488d38971e9f4297e74931d06b9,Directed,1618,,,1.0
e03e7477f190df934bec9868c9042dc3802481bc,4e267def6707b488d38971e9f4297e74931d06b9,Directed,1619,,,1.0
3c556a91921b49d42804cd87f24e12dc2c8a73ec,4e267def6707b488d38971e9f4297e74931d06b9,Directed,1620,,,1.0
f2755111fdbe71cafec227e401cd9f5ac7a7a140,4e267def6707b488d38971e9f4297e74931d06b9,Directed,1621,,,1.0
7d1a69d42d9ed28aaf5ffb59e070c848ee05e568,4e267def6707b488d38971e9f4297e74931d06b9,Directed,1622,,,1.0
922defdb7e97813b9b25c5598c96783fc5193425,4e267def6707b488d38971e9f4297e74931d06b9,Directed,1623,,,1.0
3ca2369ef838e0f8f256171c585f8bb8d526ba0c,4e267def6707b488d38971e9f4297e74931d06b9,Directed,1624,,,1.0
2368fded2e6a1c7aba5921cef85b0dfe27c2e21e,4e267def6707b488d38971e9f4297e74931d06b9,Directed,1625,,,1.0
ca1335a51364b26656803d9135838012d8a83789,4e267def6707b488d38971e9f4297e74931d06b9,Directed,1626,,,1.0
15d35affe71c225ad375c067350eb87a711eefc7,4e267def6707b488d38971e9f4297e74931d06b9,Directed,1627,,,1.0
4c168f52b3d126d26cafe7010443a23ff4e3c41a,4e267def6707b488d38971e9f4297e74931d06b9,Directed,1628,,,1.0
acca6eae12d8a6a1a07094c22643266484bb7ba7,4e267def6707b488d38971e9f4297e74931d06b9,Directed,1629,,,1.0
138c703912f00fb3f269dd8d56ceb37cdbeab624,4e267def6707b488d38971e9f4297e74931d06b9,Directed,1630,,,1.0
d95c214118f0937a079c6a083ba4bf3af1ca3408,4e267def6707b488d38971e9f4297e74931d06b9,Directed,1631,,,1.0
00debca7b189abe857a5574b2f7b8b1a07217f59,4e267def6707b488d38971e9f4297e74931d06b9,Directed,1632,,,1.0
0d18a126eedee22e7f303c7abb2a0b3d44fa7238,4e267def6707b488d38971e9f4297e74931d06b9,Directed,1633,,,1.0
096a2b8e20a1c4b66320711e9ec9c5609e8044a3,4e267def6707b488d38971e9f4297e74931d06b9,Directed,1634,,,1.0
3620477a433c8ce11f3be6cdbf262fd5cb63cde5,4e267def6707b488d38971e9f4297e74931d06b9,Directed,1635,,,2.0
b22d3cbac2aa3cc301e3f1235101d31541bde96b,4e267def6707b488d38971e9f4297e74931d06b9,Directed,1636,,,1.0
09e9860e62772851d2022e01bf6a10e45828d939,4e267def6707b488d38971e9f4297e74931d06b9,Directed,1637,,,2.0
46ec0aad6c82d0dde9acad33b918a102833d5466,4e267def6707b488d38971e9f4297e74931d06b9,Directed,1638,,,1.0
26f585e4737e809a3be456bd81cea3bfb66fdf35,4e267def6707b488d38971e9f4297e74931d06b9,Directed,1639,,,1.0
b37ede8a86e347da68766fff236a29825319dc82,4e267def6707b488d38971e9f4297e74931d06b9,Directed,1640,,,1.0
a2c2c5b6cd36d0786366b02785846c03531923ef,4e267def6707b488d38971e9f4297e74931d06b9,Directed,1641,,,1.0
dddeac926e01329ccb6afa42545ca4fa264554c0,4e267def6707b488d38971e9f4297e74931d06b9,Directed,1642,,,1.0
adcf26fc3b0e7a760f06fa50efa9bd4a12166cd6,4e267def6707b488d38971e9f4297e74931d06b9,Directed,1643,,,1.0
d96eab80bdc8a73e0ec7ff583ec089f716b14fe5,4e267def6707b488d38971e9f4297e74931d06b9,Directed,1644,,,1.0
190c7c5a1aef69840cd228d1d7184d34c94fd700,4e267def6707b488d38971e9f4297e74931d06b9,Directed,1645,,,1.0
a0bf49865cbb2a4a4ed4a997fe7640975b06475a,4e267def6707b488d38971e9f4297e74931d06b9,Directed,1646,,,1.0
078a35f88e43e078f9bf38caef4252b2f14ed8f3,4e267def6707b488d38971e9f4297e74931d06b9,Directed,1647,,,1.0
d0f4002f0e393f8cd776f0ec4c1da64e86b97aba,4e267def6707b488d38971e9f4297e74931d06b9,Directed,1648,,,1.0
fa662a7e5d31f9f0e8879ee2375da45d70aa1bb6,4e267def6707b488d38971e9f4297e74931d06b9,Directed,1649,,,1.0
871cb74bb28717881d8c7141b446067f6df7a84f,4e267def6707b488d38971e9f4297e74931d06b9,Directed,1650,,,1.0
5faecea2b64aa440b95b9cfb09a4792cd36e98bd,4e267def6707b488d38971e9f4297e74931d06b9,Directed,1651,,,1.0
a01b87dcc8325c2e808a42b90e7e0d1ca8d16bcf,4e267def6707b488d38971e9f4297e74931d06b9,Directed,1652,,,2.0
e4e018cea169188c7eba2d624bec201f1a312455,4e267def6707b488d38971e9f4297e74931d06b9,Directed,1653,,,1.0
c22f1e82700d07300fb31f50cb6f79e2c959b883,4e267def6707b488d38971e9f4297e74931d06b9,Directed,1654,,,1.0
3f449a831672c49a6c9f9fb4e3d64a88b1322ce5,4e267def6707b488d38971e9f4297e74931d06b9,Directed,1655,,,1.0
0271b12c3ce1d2c7e226e08546024a16161169ae,4e267def6707b488d38971e9f4297e74931d06b9,Directed,1656,,,1.0
6c79bdb09b959cd1f4e3d7f2d22166116014c97e,4e267def6707b488d38971e9f4297e74931d06b9,Directed,1657,,,1.0
940cf95b40f9023e13ac1eb1fb274d9790c42b70,4e267def6707b488d38971e9f4297e74931d06b9,Directed,1658,,,1.0
0234c33e2a0aa257a7627de66a5fcfd4e601c2f1,4e267def6707b488d38971e9f4297e74931d06b9,Directed,1659,,,1.0
37f4bc31dbaf3aed035d03cb14aa70ed87ee21a6,4e267def6707b488d38971e9f4297e74931d06b9,Directed,1660,,,1.0
fccac947d239f946174c9e7b46989466c1da02a4,4e267def6707b488d38971e9f4297e74931d06b9,Directed,1661,,,2.0
464d2399fb0a61bb5cec8796a70698f39684f51c,4e267def6707b488d38971e9f4297e74931d06b9,Directed,1662,,,1.0
29f5aec3a7395f0ad0495466cc73ef2140550041,4e267def6707b488d38971e9f4297e74931d06b9,Directed,1663,,,1.0
e8439bc876901a440031775bedf928711ccdd9c3,4e267def6707b488d38971e9f4297e74931d06b9,Directed,1664,,,2.0
f5e7f60ae1fb336fc02746b67af459fd8099835d,4e267def6707b488d38971e9f4297e74931d06b9,Directed,1665,,,1.0
b0d489884bff9a7ca96a1d7b3dd2d6b8b83085d4,4e267def6707b488d38971e9f4297e74931d06b9,Directed,1666,,,1.0
9f4306d939fc32f24555685c9f00246a7b336f39,4e267def6707b488d38971e9f4297e74931d06b9,Directed,1667,,,1.0
24fbe21616c3410807854ba522bdfac46e0ca10b,4e267def6707b488d38971e9f4297e74931d06b9,Directed,1668,,,2.0
c010afca6256db59ae5e7150b68d5c8902a2077c,4e267def6707b488d38971e9f4297e74931d06b9,Directed,1669,,,1.0
fc1eefc21f2158940cd5a7f23eb1d6d266aee7c8,4e267def6707b488d38971e9f4297e74931d06b9,Directed,1670,,,1.0
c1dc35c5f5ad6ebfbd7ecfde7f9e99856d5d4cce,4e267def6707b488d38971e9f4297e74931d06b9,Directed,1671,,,2.0
42c10b586de365f8c51e14d79ccde7000299f816,4e267def6707b488d38971e9f4297e74931d06b9,Directed,1672,,,1.0
627c6b506b112121242c1869ca101f2014417e08,4e267def6707b488d38971e9f4297e74931d06b9,Directed,1673,,,1.0
a8b9e5adc923ab98b65ea44dfd6e8e781a522068,4e267def6707b488d38971e9f4297e74931d06b9,Directed,1674,,,1.0
ae76d370819b72d1c9ff6129363af654be522c6d,4e267def6707b488d38971e9f4297e74931d06b9,Directed,1675,,,1.0
6971b84e01c66a61b2a7e95d34a88f49bb37fa10,4e267def6707b488d38971e9f4297e74931d06b9,Directed,1676,,,1.0
bcfc985260a228b9e7e48bea278bacb13e5e8bb7,4e267def6707b488d38971e9f4297e74931d06b9,Directed,1677,,,1.0
9babe15dc9268527d5e35fcd73b7818a59b9577c,4e267def6707b488d38971e9f4297e74931d06b9,Directed,1678,,,1.0
5f87b711ebfa628beb8c620f11678383b061fbcd,4e267def6707b488d38971e9f4297e74931d06b9,Directed,1679,,,1.0
0b580b96c85eeadf0371f08af9a5efa61a4d8a67,fccac947d239f946174c9e7b46989466c1da02a4,Directed,1680,,,1.0
7cf9faf31822f30ece854f676addb2b4e77f125c,fccac947d239f946174c9e7b46989466c1da02a4,Directed,1681,,,1.0
